iter,episode_seed,topology_seed,rollout_steps,rollout_post_eq_enabled_mean,rollout_post_eq_layer_dim_mean,rollout_reward_mean,rollout_reward_raw_env_mean,rollout_blank_ratio_mean,rollout_post_decode_drop_ratio_mean,rollout_final_blank_ratio_mean,rollout_cap_drop_count_mean,rollout_fallback_success_count_mean,rollout_insert_fallback_success_count_mean,rollout_over_cap_keep_count_mean,rollout_over_cap_block_count_mean,rollout_over_cap_extra_block_count_mean,rollout_over_cap_quality_block_count_mean,rollout_over_cap_tb_err_block_count_mean,rollout_final_blank_count_mean,rollout_action_fill_ratio_mean,rollout_action_unique_ue_mean,rollout_candidate_unique_ue_mean,rollout_demand_active_ue_mean,rollout_candidate_coverage_ratio_mean,rollout_unserved_demand_ue_mean,rollout_planned_unserved_demand_ue_mean,rollout_actual_unserved_backlog_bytes_mean,rollout_accepted_pre_pdsch_ue_diagnostics_available_mean,rollout_actual_ue_diagnostics_available_mean,rollout_native_reject_diagnostics_available_mean,rollout_native_reject_wrong_cell_slot_count_mean,rollout_native_reject_empty_slot_count_mean,rollout_native_reject_prg_mask_count_mean,rollout_native_reject_oob_slot_count_mean,rollout_native_reject_duplicate_ue_count_mean,rollout_python_preflight_wrong_cell_slot_count_mean,rollout_python_preflight_empty_slot_count_mean,rollout_python_preflight_prg_mask_count_mean,rollout_python_preflight_oob_slot_count_mean,rollout_python_preflight_duplicate_ue_count_mean,rollout_native_slot_layout_available_mean,rollout_native_slot_count_abs_delta_sum_mean,rollout_native_cell_start_abs_delta_sum_mean,rollout_native_slot_to_cell_mismatch_count_mean,rollout_planned_accepted_pre_pdsch_prg_gap_count_mean,rollout_planned_accepted_pre_pdsch_prg_gap_ratio_mean,rollout_accepted_pre_pdsch_actual_prg_gap_count_mean,rollout_accepted_pre_pdsch_actual_prg_gap_ratio_mean,rollout_planned_native_prg_gap_count_mean,rollout_planned_native_prg_gap_ratio_mean,rollout_no_service_streak_p90_mean,rollout_no_service_streak_max_mean,rollout_recent100_service_rate_p10_mean,rollout_recent100_service_rate_p50_mean,rollout_recent100_unserved_backlog_p90_bytes_mean,rollout_recent100_debt_score_p90_bytes_mean,rollout_recent100_debt_score_max_bytes_mean,rollout_backlog_p90_bytes_mean,rollout_backlog_max_bytes_mean,rollout_goodput_mbps_mean,rollout_tb_err_rate_mean,rollout_expiry_drop_rate_mean,rollout_prg_utilization_ratio_mean,rollout_prg_reuse_ratio_mean,rollout_packet_completed_count_mean,rollout_packet_effective_service_rate_mbps_mean,rollout_conflict_mean,rollout_ici_mean,rollout_active_prg_goodput_efficiency_mean,rollout_harmful_packing_penalty_mean,rollout_backlog_debt_penalty_mean,rollout_backlog_debt_coef_mean,rollout_backlog_debt_weighted_penalty_mean,rollout_packet_rate_bonus_mean,rollout_packet_completion_bonus_mean,rollout_aged_backlog_penalty_mean,rollout_aged_backlog_coef_mean,rollout_aged_backlog_weighted_penalty_mean,rollout_coverage_repair_count_mean,rollout_entropy_mean,policy_loss,value_loss,entropy_mean,approx_kl_mean,teacher_aux_loss,teacher_aux_coef,num_updates,stopped_by_target_kl,epochs_completed,collect_time_s,update_time_s,iter_time_s,adv_mean,adv_std,return_mean
1.0,42.0,42.0,1024.0,1.0,4.0,0.4045978244453241,79.51377677638084,0.15540748120838543,0.1682559512919397,0.32366343194735236,8.5810546875,10.1669921875,0.0,0.0,0.0,0.0,0.0,0.0,16.5068359375,0.6763365680526476,15.9501953125,26.05859375,26.05859375,1.0,10.1083984375,10.1083984375,109559.3515625,1.0,1.0,1.0,0.0,0.0,0.0,0.0,0.0,0.0,0.0,0.0,0.0,0.0,1.0,0.0,0.0,0.0,0.0,0.0,0.0,0.0,0.0,0.0,1.7939450284466147,3.6142578125,0.5350361410237383,0.6142969827051274,9273.20441865921,20158.451807022095,29476.869740486145,23437.672590255737,36127.1171875,1497.970552995801,0.13238451018332853,0.0,0.676336567295948,0.5688360112617374,35.8466796875,17.446611827705055,0.6123525744187646,0.3322339076839853,21.488316399044415,0.056566955573032235,3.543375349081562,0.0,0.0,0.9864890964619328,0.6868812727806046,2.2008503183461743,0.0,0.0,0.0,1.7349476212402806,-0.0058372302045082225,1.4282490867992927,1.7249801611078197,0.028062469101157683,0.0,0.0,58.0,1.0,4.0,74.28593778144568,4.695843482855707,79.02803855994716,1.1781230568885803e-07,1.0,6.7985005378723145
2.0,42.0,42.0,1024.0,1.0,4.0,0.12999608207781457,83.01752731949091,0.2103630593737762,0.10468364648477291,0.315046703297412,5.3388671875,9.1474609375,0.0,0.0,0.0,0.0,0.0,0.0,16.0673828125,0.684953296702588,15.70703125,27.6357421875,27.6357421875,1.0,11.9287109375,11.9287109375,170788.6640625,1.0,1.0,1.0,0.0,0.0,0.0,0.0,0.0,0.0,0.0,0.0,0.0,0.0,1.0,0.0,0.0,0.0,0.0,0.0,0.0,0.0,0.0,0.0,2.14130830578506,4.208984375,0.49514233809895813,0.5682449765736237,13649.129438400269,28985.44776535034,52532.901514053345,31854.778564453125,56977.1953125,1561.4373008012772,0.09313772882524063,0.0,0.684953296353342,0.5647240162797971,35.833984375,12.45813351124525,0.6100069065578282,0.3308831686445046,22.00855822594341,0.04450893232004993,4.016850971385384,0.0,0.0,0.7994762165950755,0.6869856258304589,2.603079377520899,0.0,0.0,0.0,1.7637465859297663,0.00011918460950255394,1.7518777567893267,1.7580944076180458,0.03458511573262513,0.0,0.0,16.0,1.0,1.0,70.07529930584133,1.2965692738071084,71.42457304010168,-1.257285475730896e-08,1.0,7.4069132804870605
3.0,42.0,42.0,1024.0,1.0,4.0,0.09060182213788742,83.25734231248498,0.07959942119487096,0.2049057704025472,0.2845051912299823,10.4501953125,10.943359375,0.0,0.0,0.0,0.0,0.0,0.0,14.509765625,0.7154948087700177,15.68359375,27.2880859375,27.2880859375,1.0,11.6044921875,11.6044921875,142667.3671875,1.0,1.0,1.0,0.0,0.0,0.0,0.0,0.0,0.0,0.0,0.0,0.0,0.0,1.0,0.0,0.0,0.0,0.0,0.0,0.0,0.0,0.0,0.0,2.1085934303700924,4.251953125,0.4959660839231219,0.5724193138885312,11269.748584747314,23373.133213043213,39705.159532547,25617.371293067932,44034.2265625,1569.3952986598015,0.09606763612828217,0.0,0.7154948079260066,0.6174163239775226,36.0166015625,14.592996556777507,0.6162013806751929,0.3335050279274583,21.571390282134317,0.04886841383490707,3.843330822377375,0.0,0.0,0.8914816290921619,0.6895289952723018,2.3931733948505647,0.0,0.0,0.0,1.7353288936428726,0.0018603858537971974,0.29714966714382174,1.7469766169786454,0.028086049109697343,0.0,0.0,40.0,1.0,3.0,73.49041560618207,3.2281203982420266,76.77065751422197,-1.862645149230957e-08,1.0,6.870542526245117
4.0,42.0,42.0,1024.0,1.0,4.0,0.049700169814253306,82.82924092561007,0.06092984330462059,0.20580574114137562,0.2667355839512311,10.49609375,11.7744140625,0.0,0.0,0.0,0.0,0.0,0.0,13.603515625,0.7332644160487689,16.8837890625,26.912109375,26.912109375,1.0,10.0283203125,10.0283203125,104873.9140625,1.0,1.0,1.0,0.0,0.0,0.0,0.0,0.0,0.0,0.0,0.0,0.0,0.0,1.0,0.0,0.0,0.0,0.0,0.0,0.0,0.0,0.0,0.0,1.717773161828518,3.4736328125,0.5605476184864528,0.6238217871286906,8365.317954540253,17654.25102043152,28436.10507965088,22044.014853477478,36212.234375,1563.4645509719849,0.0976929453536286,0.0,0.7332644150301348,0.6420950126776006,35.9384765625,16.429149314761162,0.6044634779682383,0.32947919942671433,21.171512631156563,0.052222161526561166,3.535994297249859,0.0,0.0,0.9645924103201065,0.6884540028821555,2.0848814262152655,0.0,0.0,0.0,1.7639426408568397,-0.0025578485801815987,0.38948672940023243,1.744735598564148,0.02079005033010617,0.0,0.0,64.0,0.0,4.0,74.24292556475848,5.161274587269872,79.45662235096097,6.28642737865448e-09,1.0,8.627776145935059
5.0,42.0,42.0,1024.0,1.0,4.0,0.05466762304463483,83.11770988255739,0.03739660090650432,0.2219094492847944,0.2593060499348212,11.3173828125,11.998046875,0.0,0.0,0.0,0.0,0.0,0.0,13.224609375,0.7406939500651788,17.1845703125,27.0869140625,27.0869140625,1.0,9.90234375,9.90234375,95584.59375,1.0,1.0,1.0,0.0,0.0,0.0,0.0,0.0,0.0,0.0,0.0,0.0,0.0,1.0,0.0,0.0,0.0,0.0,0.0,0.0,0.0,0.0,0.0,1.7123044021427631,3.73828125,0.5446934918290935,0.6445482650306076,7521.43777513504,16129.371998786926,26264.031651496887,20676.265140533447,33986.171875,1570.320176243782,0.09869086894468637,0.0,0.7406939490465447,0.6625936733762501,36.1875,17.178199900314212,0.6170917752897367,0.33634110842831433,21.062851367289205,0.05483169596832642,3.443962338186944,0.0,0.0,0.9927634950694448,0.6920820693788113,2.0027362619930313,0.0,0.0,0.0,1.748015207820572,-0.0011782764631789178,0.3228824511170387,1.7553665842860937,0.01685643388191238,0.0,0.0,64.0,0.0,4.0,74.9540381571278,5.162609725724906,80.16873521916568,-1.0477378964424133e-08,1.0,9.210670471191406
6.0,42.0,42.0,1024.0,1.0,4.0,0.02709093457406813,82.84675749018788,0.08637791416731488,0.1930912788011483,0.27946919258101843,9.84765625,12.1201171875,0.0,0.0,0.0,0.0,0.0,0.0,14.2529296875,0.7205308074189816,17.0830078125,27.0,27.0,1.0,9.9169921875,9.9169921875,94583.703125,1.0,1.0,1.0,0.0,0.0,0.0,0.0,0.0,0.0,0.0,0.0,0.0,0.0,1.0,0.0,0.0,0.0,0.0,0.0,0.0,0.0,0.0,0.0,1.7660153154283762,3.9833984375,0.5287694752623793,0.6533268044586293,7555.780326366425,16184.663774490356,25987.264565467834,20309.647254943848,33443.1953125,1562.1099271178246,0.09640684082114603,0.0,0.7205308068660088,0.6200695085572079,35.8369140625,17.11967351473868,0.6138652873924002,0.3333369561005384,21.370805995337683,0.04897726569201076,3.437839835187954,0.0,0.0,0.9911005528617265,0.6870588249538162,2.0105223299073645,0.0,0.0,0.0,1.7476040142355487,0.0022060018482393234,0.4113811411220452,1.7588817395012954,0.024851933314368642,0.0,0.0,58.0,1.0,4.0,74.2731076721102,4.68095759768039,79.00671027041972,5.21540641784668e-08,1.0,8.749399185180664
7.0,42.0,42.0,1024.0,1.0,4.0,0.04735666056945117,83.23242518678308,0.18862975574666052,0.12297025791849592,0.31160001215175726,6.271484375,10.580078125,0.0,0.0,0.0,0.0,0.0,0.0,15.8916015625,0.6883999878482427,16.6318359375,27.4296875,27.4296875,1.0,10.7978515625,10.7978515625,116010.171875,1.0,1.0,1.0,0.0,0.0,0.0,0.0,0.0,0.0,0.0,0.0,0.0,0.0,1.0,0.0,0.0,0.0,0.0,0.0,0.0,0.0,0.0,0.0,1.9198239091783762,4.1708984375,0.5001048613048624,0.627555119106546,9169.26678609848,19731.61497592926,33194.21283340454,23519.282724380493,41079.59375,1565.4626744389534,0.0936866210649896,0.0,0.6883999876154121,0.5637431652576197,35.93359375,15.234462208114564,0.6173311285092495,0.33531953339115717,22.030915607915464,0.04398257120011326,3.631667790244124,0.0,0.0,0.9173418532917677,0.688250186483286,2.208714407026541,0.0,0.0,0.0,1.7650689554866403,0.0015710420249139562,0.4856297040686888,1.7692654343212353,0.02718132098808008,0.0,0.0,17.0,1.0,2.0,71.59701608028263,1.3685677973553538,73.01816969783977,-1.257285475730896e-08,1.0,8.875757217407227
8.0,42.0,42.0,1024.0,1.0,4.0,0.06438044662047791,83.65444015711546,0.0715571415512386,0.20075059337250423,0.2723077344999183,10.23828125,12.0908203125,0.0,0.0,0.0,0.0,0.0,0.0,13.8876953125,0.7276922655000817,16.55859375,27.294921875,27.294921875,1.0,10.736328125,10.736328125,110138.6484375,1.0,1.0,1.0,0.0,0.0,0.0,0.0,0.0,0.0,0.0,0.0,0.0,0.0,1.0,0.0,0.0,0.0,0.0,0.0,0.0,0.0,0.0,0.0,1.882128644734621,3.658203125,0.51978010989842,0.615449029719457,8208.883569717407,17902.82581615448,26817.6078748703,22351.743280410767,34451.9140625,1578.2526733875275,0.09621220095868921,0.0,0.7276922648889013,0.6293561477796175,36.275390625,16.0877886377275,0.6124674626043998,0.33355414104880765,21.44877412225589,0.05071982265213161,3.587605550303281,0.0,0.0,0.9517635005634615,0.693185755119113,2.1156429348468944,0.0,0.0,0.0,1.7503893767716363,0.006301830040997472,0.5388790019627275,1.7241324802924847,0.032384338692344465,0.0,0.0,29.0,1.0,2.0,74.4301904188469,2.332966242916882,76.81588100967929,-2.3283064365386963e-09,0.9999999403953552,9.605263710021973
9.0,42.0,42.0,1024.0,1.0,4.0,0.06324308658321683,83.7521442770958,0.021656710478055174,0.2438150870239042,0.2654717974946834,12.4345703125,12.126953125,0.0,0.0,0.0,0.0,0.0,0.0,13.5390625,0.7345282025053166,16.7509765625,27.162109375,27.162109375,1.0,10.4111328125,10.4111328125,100279.7890625,1.0,1.0,1.0,0.0,0.0,0.0,0.0,0.0,0.0,0.0,0.0,0.0,0.0,1.0,0.0,0.0,0.0,0.0,0.0,0.0,0.0,0.0,0.0,1.8317379858344793,4.0556640625,0.48264675197424367,0.6349599563982338,8073.401286125183,17594.1735124588,28730.941598892212,21224.106630325317,33363.765625,1581.2762987017632,0.09713015077795717,0.0,0.7345282017777208,0.6521655487886164,36.3857421875,17.066892984323204,0.6149375922977924,0.33224599677487276,21.324407890697447,0.05281553140887543,3.4892808879454362,0.0,0.0,0.9884818083529737,0.6943241593021499,2.092465997141314,0.0,0.0,0.0,1.7071907347999513,-0.0024511910742148757,0.4597377870231867,1.7026099786162376,0.02560398227069527,0.0,0.0,64.0,0.0,4.0,75.36187854316086,5.16442684084177,80.57879146095365,5.587935447692871e-09,1.0,8.512038230895996
10.0,42.0,42.0,1024.0,1.0,4.0,0.00430559452214971,82.86696143075824,0.007123162020434393,0.2588464906621084,0.2659696526825428,13.201171875,12.2412109375,0.0,0.0,0.0,0.0,0.0,0.0,13.564453125,0.7340303473174572,16.626953125,27.2861328125,27.2861328125,1.0,10.6591796875,10.6591796875,96966.484375,1.0,1.0,1.0,0.0,0.0,0.0,0.0,0.0,0.0,0.0,0.0,0.0,0.0,1.0,0.0,0.0,0.0,0.0,0.0,0.0,0.0,0.0,0.0,1.8398434557020664,3.71875,0.51675761397928,0.6221119215479121,7280.437795639038,15942.085043907166,24711.00657272339,20192.88390159607,31963.734375,1564.3874236345291,0.09842228262641584,0.0,0.7340303462697193,0.6630072756670415,35.9541015625,17.04314806777984,0.6079293164657429,0.3275630889693275,21.18454809281028,0.05307233883306334,3.46850237194309,0.0,0.0,0.988424448860915,0.6887808942594308,2.0053591418255254,0.0,0.0,0.0,1.7000223215436563,-0.007359780114272545,0.35698985436867026,1.7002806211340016,0.020348426982246596,0.0,0.0,29.0,1.0,2.0,75.85315916361287,2.34418683918193,78.24995040614158,1.3504177331924438e-08,1.0,7.161683559417725
11.0,42.0,42.0,1024.0,1.0,4.0,-0.009034867778807996,82.67706270515919,0.02018229250643344,0.25124462082385435,0.27142691327026114,12.8134765625,11.6884765625,0.0,0.0,0.0,0.0,0.0,0.0,13.8427734375,0.7285730867297389,16.7265625,27.1328125,27.1328125,1.0,10.40625,10.40625,87743.7578125,1.0,1.0,1.0,0.0,0.0,0.0,0.0,0.0,0.0,0.0,0.0,0.0,0.0,1.0,0.0,0.0,0.0,0.0,0.0,0.0,0.0,0.0,0.0,1.8704098630696535,4.671875,0.4822500380105339,0.6365942301927134,7166.101448535919,15627.471864700317,31646.625601768494,19281.74507331848,30664.5078125,1560.3148007392883,0.0970506144076353,0.0,0.7285730858275201,0.6567856199690141,35.8359375,18.021683777682483,0.6063591584679671,0.3293592046829872,21.186347465116405,0.052047570535802945,3.3693807151681394,0.0,0.0,1.0232579040052106,0.6867864368736825,1.9877150944344981,0.0,0.0,0.0,1.6901623198064044,-0.0034794571085108653,0.3267824540535609,1.6692927440007528,0.023683362536960177,0.0,0.0,45.0,1.0,3.0,75.10237247822806,3.6344779701903462,78.78965343721211,-4.2957253754138947e-08,1.0,5.490574836730957
12.0,42.0,42.0,1024.0,1.0,4.0,0.0016712548347982484,82.85803621634841,0.002738204753768514,0.2668696220516722,0.2696078268054407,13.6103515625,11.8505859375,0.0,0.0,0.0,0.0,0.0,0.0,13.75,0.7303921731945593,16.8662109375,27.115234375,27.115234375,1.0,10.2490234375,10.2490234375,75544.8203125,1.0,1.0,1.0,0.0,0.0,0.0,0.0,0.0,0.0,0.0,0.0,0.0,0.0,1.0,0.0,0.0,0.0,0.0,0.0,0.0,0.0,0.0,0.0,1.75839813798666,4.0380859375,0.5109527015010826,0.6367062699864618,5955.839860916138,13100.56826877594,22499.362442970276,18058.538827896118,28200.25,1563.971052467823,0.09794560494628968,0.0,0.7303921726124827,0.666815869655693,35.966796875,18.737024571746588,0.6114238813170232,0.3312584068335127,21.21184938487056,0.05287983688603772,3.2168075398684906,0.0,0.0,1.0496906486515607,0.688705616845811,1.8210826758856569,0.0,0.0,0.0,1.653619956690818,0.0014673926818527673,0.572351327852199,1.6606021680329974,0.0214609190037376,0.0,0.0,38.0,1.0,3.0,75.72608486702666,3.0631698882207274,78.84179480792955,4.6566128730773926e-09,1.0,5.210158824920654
13.0,42.0,42.0,1024.0,1.0,4.0,0.010426089683592463,82.97928609326482,0.0010723039595177397,0.26302081685571466,0.2640931208152324,13.4140625,12.6337890625,0.0,0.0,0.0,0.0,0.0,0.0,13.46875,0.7359068791847676,17.306640625,27.390625,27.390625,1.0,10.083984375,10.083984375,72090.7578125,1.0,1.0,1.0,0.0,0.0,0.0,0.0,0.0,0.0,0.0,0.0,0.0,0.0,1.0,0.0,0.0,0.0,0.0,0.0,0.0,0.0,0.0,0.0,1.6454099137336016,3.26953125,0.5296526991587598,0.6235133534646593,5133.968602895737,11514.995571613312,16537.31609916687,17153.466444015503,26593.34375,1567.096802353859,0.10011252535696258,0.0,0.7359068781370297,0.6764235061418731,36.12890625,19.007713409140706,0.6136546571506187,0.3344721221947111,21.208683782928354,0.0559626154260824,3.1662158828267306,0.0,0.0,1.0596664072215174,0.6913703838658073,1.700506905308296,0.0,0.0,0.0,1.6836217420641333,0.00961013895769914,0.6235157509644826,1.672929048538208,0.020157485206921896,0.0,0.0,30.0,1.0,2.0,76.67470501037315,2.42092474270612,79.1484928932041,-5.9371814131736755e-09,1.0,4.67218542098999
14.0,42.0,42.0,1024.0,1.0,4.0,0.01302664479078524,83.06169245764613,0.00032552084485359956,0.2687078567669232,0.2690333776117768,13.7041015625,11.7529296875,0.0,0.0,0.0,0.0,0.0,0.0,13.720703125,0.7309666223882232,16.6630859375,27.1640625,27.1640625,1.0,10.5009765625,10.5009765625,85087.359375,1.0,1.0,1.0,0.0,0.0,0.0,0.0,0.0,0.0,0.0,0.0,0.0,0.0,1.0,0.0,0.0,0.0,0.0,0.0,0.0,0.0,0.0,0.0,1.7932614497840405,3.513671875,0.4936945532972459,0.5962091268738732,6350.998126506805,14044.96389579773,22048.8362865448,19316.02456665039,31367.7109375,1568.4237978458405,0.09752340511113289,0.0,0.7309666209039278,0.662576504109893,36.1552734375,17.931010564789176,0.6113185647409409,0.3312116193701513,21.216825243305998,0.054844028338355756,3.330991809057071,0.0,0.0,1.020543194046542,0.691254370487937,1.883675788572269,0.0,0.0,0.0,1.6163153810775839,-0.006346537160777276,0.44580892497493374,1.634549363966911,0.027907769165692792,0.0,0.0,31.0,1.0,2.0,75.5375167732127,2.4990525441244245,78.08911986183375,2.8405338525772095e-08,1.0,3.548783302307129
15.0,42.0,42.0,1024.0,1.0,4.0,0.017552260326269373,83.12622429430485,0.0005744485497416463,0.25405942020552175,0.25463386869523674,12.95703125,12.6640625,0.0,0.0,0.0,0.0,0.0,0.0,12.986328125,0.7453661313047633,17.2451171875,27.255859375,27.255859375,1.0,10.0107421875,10.0107421875,85907.921875,1.0,1.0,1.0,0.0,0.0,0.0,0.0,0.0,0.0,0.0,0.0,0.0,0.0,1.0,0.0,0.0,0.0,0.0,0.0,0.0,0.0,0.0,0.0,1.6502927113324404,3.2373046875,0.5511964868637733,0.6316028488217853,6204.259592056274,13577.314224243164,22575.92095184326,18986.695801734924,31535.5859375,1571.2234253883362,0.10010235309891868,0.0,0.7453661300532985,0.6748037269426277,36.3056640625,18.037478545680642,0.6191310675931163,0.33417135910713114,21.024639982488637,0.057300922189975775,3.343533400245523,0.0,0.0,1.024723708876929,0.6938355805726585,1.8442435237220356,0.0,0.0,0.0,1.6915779138216749,0.00016638015707333884,0.4180051462169279,1.6847037056036163,0.020136066173252306,0.0,0.0,57.0,1.0,4.0,77.51371431583539,5.4679898782633245,83.06943042902276,-9.080395102500916e-09,1.0,3.7585973739624023
16.0,42.0,42.0,1024.0,1.0,4.0,-0.01865016248403413,82.52928579971194,0.0005361519797588699,0.26256125837244326,0.26309741035220213,13.390625,13.1181640625,0.0,0.0,0.0,0.0,0.0,0.0,13.41796875,0.7369025896477979,17.2685546875,26.9755859375,26.9755859375,1.0,9.70703125,9.70703125,72913.2734375,1.0,1.0,1.0,0.0,0.0,0.0,0.0,0.0,0.0,0.0,0.0,0.0,0.0,1.0,0.0,0.0,0.0,0.0,0.0,0.0,0.0,0.0,0.0,1.5619137864559889,3.0830078125,0.5554904130694922,0.6413263909053057,5452.7347111701965,12065.528942584991,18194.641856193542,18033.184858322144,28676.3671875,1558.282675743103,0.09858131047076313,0.0,0.7369025889784098,0.660142531938618,35.8515625,18.611585149541497,0.6055166335427202,0.3273042532673571,21.046389532014892,0.053219270502548294,3.1806761957036267,0.0,0.0,1.04519417672614,0.6871554934574764,1.7320646448244603,0.0,0.0,0.0,1.647971511585638,0.003861892336447324,0.284409513430936,1.6426335168736321,0.02146281029230782,0.0,0.0,56.0,1.0,4.0,103.62957550212741,5.402415745891631,109.11977971391752,-4.656612873077393e-10,1.0,3.012458086013794
17.0,42.0,42.0,1024.0,1.0,4.0,-0.0053244360093719365,82.74505034089088,0.000919117679586634,0.25072761881165206,0.2516467364912387,12.787109375,15.888671875,0.0,0.0,0.0,0.0,0.0,0.0,12.833984375,0.7483532635087613,17.376953125,26.8330078125,26.8330078125,1.0,9.4560546875,9.4560546875,93711.40625,1.0,1.0,1.0,0.0,0.0,0.0,0.0,0.0,0.0,0.0,0.0,0.0,0.0,1.0,0.0,0.0,0.0,0.0,0.0,0.0,0.0,0.0,0.0,1.6439450308680534,3.4130859375,0.5644213978084736,0.6436026301234961,7150.618718624115,15278.997249603271,24797.19678878784,20627.027500152588,34473.1953125,1564.232423722744,0.10076940244471189,0.0,0.7483532623446081,0.671536079433281,36.0966796875,17.297149664722383,0.6128887256490998,0.33142862547538243,20.907883415721127,0.057413943571765255,3.4210338372303797,0.0,0.0,0.9971180597011285,0.6911503505919676,1.9456830459281242,0.0,0.0,0.0,1.56467573257396,-0.0011021073700653182,0.29530855764945346,1.5245772235923343,0.04094028793689278,0.0,0.0,36.0,1.0,3.0,79.09720757417381,2.9029721738770604,82.05305765103549,1.816079020500183e-08,1.0,2.807140350341797
18.0,42.0,42.0,1024.0,1.0,4.0,0.0402987457620879,83.48969444818795,0.0004404105548019288,0.2613357681711932,0.2617761787259951,13.328125,15.509765625,0.0,0.0,0.0,0.0,0.0,0.0,13.3505859375,0.7382238212740049,17.431640625,26.927734375,26.927734375,1.0,9.49609375,9.49609375,75875.8828125,1.0,1.0,1.0,0.0,0.0,0.0,0.0,0.0,0.0,0.0,0.0,0.0,0.0,1.0,0.0,0.0,0.0,0.0,0.0,0.0,0.0,0.0,0.0,1.5390622206032276,3.0849609375,0.5639670789823867,0.6506185555481352,5506.75626039505,12241.332777023315,18673.624584197998,17830.70841693878,29366.390625,1576.8954255580902,0.09973923593497602,0.0,0.7382238205173053,0.6781800441676751,36.1943359375,18.834386208094656,0.6133099872386083,0.3342005647427868,21.180559471931762,0.05338768538377771,3.214948763831849,0.0,0.0,1.0525655128161584,0.692096717396232,1.7429489329997967,0.0,0.0,0.0,1.5525439358316362,-0.0002447664737701416,0.4242809135466814,1.5345396026968956,0.03388832649216056,0.0,0.0,16.0,1.0,1.0,80.52950702607632,1.5462119998410344,82.16354815289378,-6.28642737865448e-09,1.0,2.0759100914001465
19.0,42.0,42.0,1024.0,1.0,4.0,-0.018255654097959498,82.56954573839903,0.0005361519797588699,0.2679227777189226,0.26845892969868146,13.6640625,14.9609375,0.0,0.0,0.0,0.0,0.0,0.0,13.69140625,0.7315410703013185,17.294921875,26.779296875,26.779296875,1.0,9.484375,9.484375,76971.4921875,1.0,1.0,1.0,0.0,0.0,0.0,0.0,0.0,0.0,0.0,0.0,0.0,0.0,1.0,0.0,0.0,0.0,0.0,0.0,0.0,0.0,0.0,0.0,1.548046600073576,3.169921875,0.5651223003224004,0.64950890338514,5526.505990028381,12300.252829551697,18781.58056163788,17939.972354888916,29225.171875,1558.4037992358208,0.09829187388095306,0.0,0.7315410696901381,0.659869750670623,35.8837890625,18.69537873379886,0.610026054258924,0.3315807472972665,21.189528236053384,0.0533683540302438,3.2376469059257995,0.0,0.0,1.048459924320273,0.688004902898664,1.7486903542443897,0.0,0.0,0.0,1.5051416599890217,0.002557186902884175,0.28705160933382373,1.5430425089948319,0.025361922624356607,0.0,0.0,34.0,1.0,3.0,96.57104267505929,2.7428966341540217,99.36699047731236,-2.7474015951156616e-08,0.9999999403953552,1.3747622966766357
20.0,42.0,42.0,1024.0,1.0,4.0,-0.0014308810638839417,82.8348350673914,0.005055147241364466,0.2627718893454585,0.26782703658682294,13.4013671875,12.3662109375,0.0,0.0,0.0,0.0,0.0,0.0,13.6591796875,0.7321729634131771,17.0771484375,27.1181640625,27.1181640625,1.0,10.041015625,10.041015625,73648.25,1.0,1.0,1.0,0.0,0.0,0.0,0.0,0.0,0.0,0.0,0.0,0.0,0.0,1.0,0.0,0.0,0.0,0.0,0.0,0.0,0.0,0.0,0.0,1.6711911335587502,3.455078125,0.5260395898367278,0.6410195239586756,5571.481494665146,12133.81953239441,19010.390959739685,17030.439032554626,27407.578125,1563.7718020677567,0.09701763093471527,0.0,0.7321729628893081,0.6687077841197606,35.9130859375,19.030970473773777,0.6127355367061682,0.33302464699954726,21.153744875800797,0.05296432290039208,3.1904971584176702,0.0,0.0,1.0600441362454227,0.6879960531938649,1.7467484002932072,0.0,0.0,0.0,1.6013443017145619,0.005562234297394752,0.53539237678051,1.6360353469848632,0.03373621199280023,0.0,0.0,20.0,1.0,2.0,76.21987045696005,1.617842554114759,77.89088255818933,7.683411240577698e-09,1.0,0.8238319158554077
21.0,42.0,42.0,1024.0,1.0,4.0,0.04306201145528912,83.55932309105992,0.07058057893846126,0.20398665341417654,0.27456723208888434,10.4033203125,10.8603515625,0.0,0.0,0.0,0.0,0.0,0.0,14.0029296875,0.7254327679111157,16.9091796875,27.3291015625,27.3291015625,1.0,10.419921875,10.419921875,75984.8515625,1.0,1.0,1.0,0.0,0.0,0.0,0.0,0.0,0.0,0.0,0.0,0.0,0.0,1.0,0.0,0.0,0.0,0.0,0.0,0.0,0.0,0.0,0.0,1.7720700185745955,3.798828125,0.4973511937423609,0.6309766794438474,5863.847397327423,13105.42874288559,21243.416347503662,17566.828746795654,28191.3671875,1576.1880483031273,0.09515176057175267,0.0,0.725432767329039,0.6346039931522682,36.173828125,18.66637100558728,0.6066176590975374,0.3291531095164828,21.442622210485855,0.05010812143090108,3.224788491442066,0.0,0.0,1.0471718172416142,0.6916943061013053,1.8218740371299702,0.0,0.0,0.0,1.7041579352226108,0.0007606311153401347,0.2946576462949024,1.7141612242249882,0.032157416729366076,0.0,0.0,34.0,1.0,3.0,94.54881291277707,3.2781896628439426,97.91464989306405,2.7241185307502747e-08,1.0,1.2333413362503052
22.0,42.0,42.0,1024.0,1.0,4.0,0.009453319555772305,83.03771190531552,0.018324908838621923,0.25195310753042577,0.27027801630902104,12.849609375,11.94140625,0.0,0.0,0.0,0.0,0.0,0.0,13.7841796875,0.729721983690979,17.2060546875,26.853515625,26.853515625,1.0,9.6474609375,9.6474609375,75976.5625,1.0,1.0,1.0,0.0,0.0,0.0,0.0,0.0,0.0,0.0,0.0,0.0,0.0,1.0,0.0,0.0,0.0,0.0,0.0,0.0,0.0,0.0,0.0,1.5739255268126726,3.1279296875,0.5565544226847123,0.6481388859101571,5527.626197576523,12512.64344215393,18193.129314422607,18045.102851867676,28234.9453125,1567.527049422264,0.09876679985245573,0.0,0.7297219826723449,0.6567240304866573,36.140625,18.85158379562199,0.60358265589457,0.3276239260449074,21.26259664106197,0.05388000327603261,3.2176170859049154,0.0,0.0,1.0533733604364834,0.6913737465101477,1.7634298882214625,0.0,0.0,0.0,1.6581694709602743,-0.004632274890618939,0.33284919348455244,1.6068646446351083,0.03226016401763885,0.0,0.0,31.0,1.0,2.0,101.16677874000743,2.9632148472592235,104.2180425026454,1.3504177331924438e-08,1.0,1.0120247602462769
23.0,42.0,42.0,1024.0,1.0,4.0,0.035752867413360145,83.47384437546134,0.002470128763889079,0.2752948664692667,0.2777649952331558,14.0400390625,13.4150390625,0.0,0.0,0.0,0.0,0.0,0.0,14.166015625,0.7222350047668442,16.955078125,27.15234375,27.15234375,1.0,10.197265625,10.197265625,73213.5703125,1.0,1.0,1.0,0.0,0.0,0.0,0.0,0.0,0.0,0.0,0.0,0.0,0.0,1.0,0.0,0.0,0.0,0.0,0.0,0.0,0.0,0.0,0.0,1.7581051718443632,3.8681640625,0.5050986766873393,0.6423309980309568,5616.991833925247,12245.277267456055,20067.555705070496,16661.430543899536,26315.65625,1574.910174190998,0.09690774374030298,0.0,0.7222350038646255,0.6611820579564665,36.193359375,19.473096086643636,0.6037741383770481,0.3274147135671228,21.449423685519847,0.051984165582494926,3.1899983390665363,0.0,0.0,1.0750851414143672,0.691564717853312,1.7613234823559145,0.0,0.0,0.0,1.5791373304091394,-0.0007536019639749276,0.36235014702144425,1.5962921820188825,0.025758294290617892,0.0,0.0,38.0,1.0,3.0,79.83926716586575,3.068107029888779,82.960382160265,-1.6996636986732483e-08,1.0,1.2511281967163086
24.0,42.0,42.0,1024.0,1.0,4.0,0.00721662492038402,83.03939877450466,0.005246630096735316,0.2814606136398652,0.2867072437366005,14.3544921875,11.4091796875,0.0,0.0,0.0,0.0,0.0,0.0,14.6220703125,0.7132927562633995,16.505859375,27.572265625,27.572265625,1.0,11.06640625,11.06640625,62677.5546875,1.0,1.0,1.0,0.0,0.0,0.0,0.0,0.0,0.0,0.0,0.0,0.0,0.0,1.0,0.0,0.0,0.0,0.0,0.0,0.0,0.0,0.0,0.0,1.8756832908838987,3.8291015625,0.4759259295533411,0.5957685429602861,4050.1608345508575,9960.000626564026,17269.493717193604,14718.219030380249,22852.40625,1565.8344258666039,0.09833980951225385,0.0,0.7132927554775961,0.6607386090618093,36.126953125,20.6005712300539,0.6142482538707554,0.33184730078210123,21.588081423515327,0.053137333047579144,3.0436726400148837,0.0,0.0,1.1134038768874466,0.6909205655133187,1.5927298875501543,0.0,0.0,0.0,1.5996843953616917,0.008821167796850205,0.30602531135082245,1.6089073061943053,0.0225727504119277,0.0,0.0,20.0,1.0,2.0,75.72428152477369,1.6158063849434257,77.39319977583364,-1.816079020500183e-08,1.0,1.2992810010910034
25.0,42.0,42.0,1024.0,1.0,4.0,0.07643944137015495,84.16324469447136,0.018612133109854767,0.26683132408470556,0.2854434571345337,13.6083984375,11.078125,0.0,0.0,0.0,0.0,0.0,0.0,14.5576171875,0.7145565428654663,16.4384765625,27.955078125,27.955078125,1.0,11.5166015625,11.5166015625,62756.1875,1.0,1.0,1.0,0.0,0.0,0.0,0.0,0.0,0.0,0.0,0.0,0.0,0.0,1.0,0.0,0.0,0.0,0.0,0.0,0.0,0.0,0.0,0.0,1.8721677046269178,3.509765625,0.4618900617642794,0.5613899167510681,3766.225159406662,9700.244524478912,13161.237827301025,14535.349565505981,21956.9921875,1587.338551402092,0.09681726666167378,0.0,0.7145565419923514,0.6527355936414097,36.4970703125,20.30297171510756,0.6125919253681786,0.33160585883888416,21.718037152116175,0.05178749672235767,3.0503927885125903,0.0,0.0,1.1045508566552007,0.6957181022128387,1.574202728969668,0.0,0.0,0.0,1.6337028285488486,-0.0037337787449359893,0.34321566551923754,1.621566994190216,0.031920191347599026,0.0,0.0,50.0,1.0,4.0,75.35145373363048,4.031630603130907,79.43631374510005,3.91155481338501e-08,1.0,2.7025070190429688
26.0,42.0,42.0,1024.0,1.0,4.0,0.005259068261259924,83.05439581722021,0.027765013483076473,0.273571518891913,0.3013365322549362,13.9521484375,10.9228515625,0.0,0.0,0.0,0.0,0.0,0.0,15.3681640625,0.6986634677450638,15.736328125,27.826171875,27.826171875,1.0,12.08984375,12.08984375,62185.0234375,1.0,1.0,1.0,0.0,0.0,0.0,0.0,0.0,0.0,0.0,0.0,0.0,0.0,1.0,0.0,0.0,0.0,0.0,0.0,0.0,0.0,0.0,0.0,1.983691155910492,3.6826171875,0.42003070333157666,0.539161590510048,3509.529646396637,9373.37773513794,12541.555963039398,14198.606708526611,20859.609375,1564.0706748366356,0.09476317301232484,0.0,0.6986634667264298,0.643146050570067,35.9091796875,20.475995050743222,0.6023284415132366,0.3286114908987656,21.807412582407732,0.04876160746808915,3.0452910785405725,0.0,0.0,1.1099622522056447,0.6876831104647575,1.5540093106425195,0.0,0.0,0.0,1.5933664462063462,0.003992485697381198,0.304281871765852,1.615209698677063,0.06571652344428003,0.0,0.0,16.0,1.0,1.0,74.92101663909853,1.2867320571094751,76.2556771170348,1.5832483768463135e-08,1.0,1.9869582653045654
27.0,42.0,42.0,1024.0,1.0,4.0,-0.0033768796861144527,82.91901528090239,0.021963083014270524,0.281230832419169,0.3031939153734129,14.3427734375,11.08203125,0.0,0.0,0.0,0.0,0.0,0.0,15.462890625,0.6968060846265871,15.5400390625,27.7734375,27.7734375,1.0,12.2333984375,12.2333984375,75348.1484375,1.0,1.0,1.0,0.0,0.0,0.0,0.0,0.0,0.0,0.0,0.0,0.0,0.0,1.0,0.0,0.0,0.0,0.0,0.0,0.0,0.0,0.0,0.0,2.0177732072770596,3.7802734375,0.4305472040141467,0.5478825033060275,4454.826793670654,11349.02998161316,15365.705825805664,15585.877598762512,23847.0078125,1561.6060520410538,0.09603664327369188,0.0,0.6968060833460186,0.6389480612415355,35.9736328125,19.465977701358497,0.6156173565541394,0.3337905188964214,21.835014061906428,0.05036654543059054,3.2282136492724445,0.0,0.0,1.0762411389869126,0.6889723092818809,1.7185686593837823,0.0,0.0,0.0,1.6308645049575716,-0.0025307966861873865,0.3489629290997982,1.621885746717453,0.08960088808089495,0.0,0.0,16.0,1.0,1.0,75.09405336808413,1.2894609039649367,76.43671249877661,2.3283064365386963e-10,1.0,2.0764074325561523
28.0,42.0,42.0,1024.0,1.0,4.0,0.00617049595272616,83.07095197960734,0.01920572995186376,0.2629250739919371,0.2821308038837742,13.4091796875,11.4091796875,0.0,0.0,0.0,0.0,0.0,0.0,14.388671875,0.7178691961162258,16.4677734375,27.529296875,27.529296875,1.0,11.0615234375,11.0615234375,68630.296875,1.0,1.0,1.0,0.0,0.0,0.0,0.0,0.0,0.0,0.0,0.0,0.0,0.0,1.0,0.0,0.0,0.0,0.0,0.0,0.0,0.0,0.0,0.0,1.818554425612092,3.4384765625,0.4508106164284982,0.5842413541977294,4373.462450265884,10804.858409881592,14705.971985816956,15866.07682800293,23534.6796875,1567.3338022828102,0.10065910342018469,0.0,0.7178691954468377,0.6518432072625728,36.111328125,19.597652091644704,0.6102845560526475,0.33133079775143415,21.431870333006664,0.053071762675608584,3.1329798412730785,0.0,0.0,1.0803162234718677,0.6907100840651947,1.660735852106797,0.0,0.0,0.0,1.639350036624819,0.010856463132720245,0.3440314531326294,1.6212026069038792,0.035871051840092004,0.0,0.0,19.0,1.0,2.0,75.21524277701974,1.5347351632080972,76.7985632349737,-8.149072527885437e-09,1.0,0.9434645771980286
29.0,42.0,42.0,1024.0,1.0,4.0,0.022599647627843115,83.34889817982912,0.006261489203097881,0.2861327944629011,0.2923942836059723,14.5927734375,10.794921875,0.0,0.0,0.0,0.0,0.0,0.0,14.912109375,0.7076057163940277,15.2861328125,28.0068359375,28.0068359375,1.0,12.720703125,12.720703125,92682.890625,1.0,1.0,1.0,0.0,0.0,0.0,0.0,0.0,0.0,0.0,0.0,0.0,0.0,1.0,0.0,0.0,0.0,0.0,0.0,0.0,0.0,0.0,0.0,2.1942380145192146,4.056640625,0.40275441834819503,0.5331281653780024,5887.656560897827,13858.640823364258,19888.031975746155,17608.569484710693,27047.2734375,1571.4147990345955,0.09766451570612844,0.0,0.7076057149388362,0.6509491284668911,36.2568359375,18.009882742539048,0.611069637350738,0.33165317299426533,21.694473724780956,0.0523345492836938,3.4278438854515105,0.0,0.0,1.024513910760509,0.6922617280174552,1.9082918587200344,0.0,0.0,0.0,1.5915872461628169,0.01005402162066988,0.3563600778579712,1.5738906860351562,0.04739878950892268,0.0,0.0,37.0,1.0,3.0,75.23483696300536,2.9846589541994035,78.26749800797552,2.7939677238464355e-09,1.0,1.311575174331665
30.0,42.0,42.0,1024.0,1.0,4.0,-0.0006774526489299916,82.96820244938135,0.0038488052850880194,0.2671568461046263,0.27100565138971433,13.625,11.291015625,0.0,0.0,0.0,0.0,0.0,0.0,13.8212890625,0.7289943486102857,16.275390625,27.2900390625,27.2900390625,1.0,11.0146484375,11.0146484375,99210.03125,1.0,1.0,1.0,0.0,0.0,0.0,0.0,0.0,0.0,0.0,0.0,0.0,0.0,1.0,0.0,0.0,0.0,0.0,0.0,0.0,0.0,0.0,0.0,1.951464556157589,3.7216796875,0.4531443913001567,0.5760055132559501,7642.546631813049,16376.842816352844,25759.56565475464,20247.476866722107,32816.2265625,1566.7379259467125,0.09974120213155402,0.0,0.7289943477662746,0.6585525481496006,36.173828125,17.160212052986026,0.6159237292595208,0.33435966813704,21.220288400544128,0.055088766371138076,3.4849122526675758,0.0,0.0,0.9920346318235894,0.6914877996435149,2.040002251096795,0.0,0.0,0.0,1.6024753694655374,0.0035079757396418313,0.3303193590388848,1.6208081268347228,0.036731985182716295,0.0,0.0,52.0,1.0,4.0,74.93412062572315,4.193935105577111,79.17557688197121,-1.0011717677116394e-08,1.0,0.1646532416343689
31.0,42.0,42.0,1024.0,1.0,4.0,-0.02252814534576838,82.61855262331665,0.008329503983986797,0.2609145052392705,0.26924400916323066,13.306640625,11.953125,0.0,0.0,0.0,0.0,0.0,0.0,13.7314453125,0.7307559908367693,16.888671875,26.638671875,26.638671875,1.0,9.75,9.75,99900.5546875,1.0,1.0,1.0,0.0,0.0,0.0,0.0,0.0,0.0,0.0,0.0,0.0,0.0,1.0,0.0,0.0,0.0,0.0,0.0,0.0,0.0,0.0,0.0,1.749804401770234,3.482421875,0.5333575308031868,0.6161426990292966,7986.955047130585,16821.548872947693,27261.345883369446,20864.139324188232,34485.3359375,1559.7914281487465,0.09936876288338681,0.0,0.7307559897308238,0.6620328604039969,35.8408203125,17.226648019626737,0.6087143972399645,0.329205863061361,21.11191668209284,0.05297352264497436,3.486118270882007,0.0,0.0,0.9940993818730486,0.6867881058016092,2.0421007878718287,0.0,0.0,0.0,1.6249902076087892,-0.004645055276341736,0.3710457901470363,1.6142352353781462,0.017335819255094975,0.0,0.0,64.0,0.0,4.0,75.27107071131468,5.168162783142179,80.49233511462808,-2.7939677238464355e-09,1.0,-0.6663185954093933
32.0,42.0,42.0,1024.0,1.0,4.0,0.017441021910904794,83.26311302930117,0.005246630091278348,0.2615846952521679,0.26683132522157393,13.3408203125,12.3974609375,0.0,0.0,0.0,0.0,0.0,0.0,13.6083984375,0.7331686747784261,16.62109375,27.328125,27.328125,1.0,10.70703125,10.70703125,93398.3125,1.0,1.0,1.0,0.0,0.0,0.0,0.0,0.0,0.0,0.0,0.0,0.0,0.0,1.0,0.0,0.0,0.0,0.0,0.0,0.0,0.0,0.0,0.0,1.8620114419609308,3.7646484375,0.48306930472608656,0.5942928824224509,7310.844390869141,15628.690975189209,23787.19601249695,19380.87235069275,30602.34375,1571.9377998709679,0.09689511756005231,0.0,0.7331686736142728,0.665133714384865,36.17578125,17.545710512436926,0.6093558656284586,0.33016206705360673,21.27955287857621,0.05389122381957597,3.4304714960094906,0.0,0.0,1.0070247005680368,0.6919442135098299,1.9893977609493012,0.0,0.0,0.0,1.5946471290662885,0.005068553811205285,0.29085481060402735,1.5733247527054377,0.020076291635632515,0.0,0.0,28.0,1.0,2.0,75.70590379508212,2.2541912952437997,78.01301749609411,-6.28642737865448e-09,1.0,-0.0526311881840229
33.0,42.0,42.0,1024.0,1.0,4.0,0.036280948452402775,83.57432673871517,0.0110677087395743,0.25909541778673884,0.27016312640625983,13.2138671875,11.1015625,0.0,0.0,0.0,0.0,0.0,0.0,13.7783203125,0.7298368735937402,15.1064453125,28.080078125,28.080078125,1.0,12.9736328125,12.9736328125,180852.6484375,1.0,1.0,1.0,0.0,0.0,0.0,0.0,0.0,0.0,0.0,0.0,0.0,0.0,1.0,0.0,0.0,0.0,0.0,0.0,0.0,0.0,0.0,0.0,2.599511343985796,5.193359375,0.36882959632202983,0.5141929195960984,14915.332510471344,31362.724096298218,58609.13004112244,29109.10097026825,53172.296875,1578.4456755518913,0.0990509567745903,0.0,0.7298368713527452,0.6466277376021026,36.3642578125,13.526987324934453,0.6034198955167085,0.32730653625912964,21.292017809528275,0.05441384609592774,4.065432614668006,0.0,0.0,0.8432782635827207,0.693372776752736,2.729926418989873,0.0,0.0,0.0,1.4972176986047998,0.0013221255331127733,0.5246438395093989,1.5168085054115013,0.017185256712966494,0.0,0.0,27.0,1.0,2.0,74.91133693512529,2.179588026832789,77.14394110068679,4.656612873077393e-10,1.0,1.241938591003418
34.0,42.0,42.0,1024.0,1.0,4.0,-0.03732151088969362,82.39195504039526,0.007716758864262374,0.2572763310290611,0.26499308983329684,13.12109375,11.8662109375,0.0,0.0,0.0,0.0,0.0,0.0,13.5146484375,0.7350069101667032,16.4208984375,27.0400390625,27.0400390625,1.0,10.619140625,10.619140625,107235.9375,1.0,1.0,1.0,0.0,0.0,0.0,0.0,0.0,0.0,0.0,0.0,0.0,0.0,1.0,0.0,0.0,0.0,0.0,0.0,0.0,0.0,0.0,0.0,1.8978512827306986,3.8486328125,0.4784554078942165,0.5827967525692657,8489.00964641571,17948.564767837524,28970.51296710968,21397.896286964417,34117.2265625,1556.0733035802841,0.0994314720883267,0.0,0.7350069087115116,0.6611153910052963,35.853515625,16.524206461384892,0.6028837443445809,0.32635626578121446,21.033880879407548,0.05496182691825694,3.561162684285479,0.0,0.0,0.9684447245590329,0.6871480866993785,2.1192225817627417,0.0,0.0,0.0,1.5928750365274027,-0.00332111565512605,0.3832246754318476,1.6126721911132336,0.027943326625972986,0.0,0.0,32.0,1.0,2.0,75.20082976203412,2.5807832339778543,77.83500104211271,-5.587935447692871e-09,0.9999999403953552,-0.5216804146766663
35.0,42.0,42.0,1024.0,1.0,4.0,-0.02784390326105362,82.52242943271995,0.009363511377159739,0.24942553485379904,0.2587890462309588,12.720703125,13.046875,0.0,0.0,0.0,0.0,0.0,0.0,13.1982421875,0.7412109537690412,17.349609375,26.8583984375,26.8583984375,1.0,9.5087890625,9.5087890625,81236.796875,1.0,1.0,1.0,0.0,0.0,0.0,0.0,0.0,0.0,0.0,0.0,0.0,0.0,1.0,0.0,0.0,0.0,0.0,0.0,0.0,0.0,0.0,0.0,1.6026364658027887,3.1357421875,0.554243253194727,0.6383834649459459,6256.358167648315,13333.455332756042,21028.580814361572,18757.230229377747,30968.5859375,1559.062675356865,0.09926381863988354,0.0,0.7412109526921995,0.6725808405171847,35.9921875,18.197234962135553,0.6154258736060001,0.33449370961170644,21.007888865431504,0.056627081713616925,3.2807356975030153,0.0,0.0,1.0304899920574497,0.6896346198718568,1.8224360389369338,0.0,0.0,0.0,1.613259749370627,-0.002858519988755385,0.3200356920560201,1.6354206601778667,0.01681729666888714,0.0,0.0,30.0,1.0,2.0,76.32415656326339,2.4164968892000616,78.79356410400942,4.656612873077393e-10,1.0,-0.8357158899307251
36.0,42.0,42.0,1024.0,1.0,4.0,0.009147868216182953,83.12078702449799,0.0638212343055784,0.20802694191479532,0.27184817593661137,10.609375,11.765625,0.0,0.0,0.0,0.0,0.0,0.0,13.8642578125,0.7281518240633886,17.232421875,26.7919921875,26.7919921875,1.0,9.5595703125,9.5595703125,82701.421875,1.0,1.0,1.0,0.0,0.0,0.0,0.0,0.0,0.0,0.0,0.0,0.0,0.0,1.0,0.0,0.0,0.0,0.0,0.0,0.0,0.0,0.0,0.0,1.5773434937000275,3.0810546875,0.5603215140872635,0.6364024482900277,6295.137558460236,13764.191753387451,20469.2271566391,19373.68407535553,30324.4296875,1568.396551311016,0.09585648214488174,0.0,0.728151823655935,0.6405500554537866,36.04296875,17.924391240812838,0.6107824131613597,0.3314063903526403,21.294928705046132,0.05134359897686402,3.3017157252080755,0.0,0.0,1.0203354021299376,0.6903777468488219,1.8473731071226775,0.0,0.0,0.0,1.6743248048005626,-0.0046037092753168606,0.2618119691809018,1.6717862685521443,0.05917384982522991,0.0,0.0,36.0,1.0,3.0,74.27141133695841,2.902675879187882,77.22719591623172,1.862645149230957e-09,1.0,-0.840201199054718
37.0,42.0,42.0,1024.0,1.0,4.0,0.03893713552920071,83.60869326815009,0.026750154347610078,0.24471505599103693,0.27146521021495573,12.48046875,12.4541015625,0.0,0.0,0.0,0.0,0.0,0.0,13.8447265625,0.7285347897850443,17.1416015625,26.9677734375,26.9677734375,1.0,9.826171875,9.826171875,73202.515625,1.0,1.0,1.0,0.0,0.0,0.0,0.0,0.0,0.0,0.0,0.0,0.0,0.0,1.0,0.0,0.0,0.0,0.0,0.0,0.0,0.0,0.0,0.0,1.5522458590567112,3.0810546875,0.5560420928522944,0.6349132436444052,5401.559894323349,12123.757021903992,18880.297430038452,17590.88888645172,27694.0625,1577.8444243073463,0.0967301426717313,0.0,0.7285347892320715,0.650435119663598,36.2451171875,18.99966313969344,0.6184704523766413,0.3346069426916074,21.38713429889696,0.051889525647164716,3.1856722723781634,0.0,0.0,1.0590967674157936,0.6929080159968213,1.7361415445027855,0.0,0.0,0.0,1.6609518082113937,0.011184759576011586,0.3669511642720964,1.6477895268687495,0.015261216158116306,0.0,0.0,27.0,1.0,2.0,75.58995566796511,2.174789391923696,77.81784990802407,1.0128132998943329e-08,1.0,-0.08962471038103104
38.0,42.0,42.0,1024.0,1.0,4.0,-0.006866815781246965,82.88349322229624,0.03268612274041516,0.25354241375134734,0.28622853636625223,12.9306640625,14.8779296875,0.0,0.0,0.0,0.0,0.0,0.0,14.59765625,0.7137714636337478,16.8828125,27.0810546875,27.0810546875,1.0,10.1982421875,10.1982421875,71879.1796875,1.0,1.0,1.0,0.0,0.0,0.0,0.0,0.0,0.0,0.0,0.0,0.0,0.0,1.0,0.0,0.0,0.0,0.0,0.0,0.0,0.0,0.0,0.0,1.6824216097593307,3.33203125,0.5362785445176996,0.6264747040695511,4933.945167064667,11446.869500637054,18399.16165828705,16560.800822257996,25866.375,1563.1510513424873,0.09932393037524889,0.0,0.7137714626733214,0.6519199196482077,36.0625,19.532881900668144,0.6049996286747046,0.3294336934341118,21.50395490961257,0.05319405025678334,3.1720761083109483,0.0,0.0,1.0775564160880209,0.6900824828946108,1.6982457896180567,0.0,0.0,0.0,1.576442276709713,-0.0006386976456269622,0.3406715989112854,1.505631446838379,0.04711688682436943,0.0,0.0,16.0,1.0,1.0,77.53691923990846,1.290099467150867,78.88019404979423,1.6996636986732483e-08,0.9999999403953552,-0.2919970154762268
39.0,42.0,42.0,1024.0,1.0,4.0,0.04421769925374898,83.71257774718106,0.10862822123272053,0.17878750944328203,0.28741573038860224,9.1181640625,16.7412109375,0.0,0.0,0.0,0.0,0.0,0.0,14.658203125,0.7125842696113978,16.7138671875,27.283203125,27.283203125,1.0,10.5693359375,10.5693359375,82545.1328125,1.0,1.0,1.0,0.0,0.0,0.0,0.0,0.0,0.0,0.0,0.0,0.0,0.0,1.0,0.0,0.0,0.0,0.0,0.0,0.0,0.0,0.0,0.0,1.7291013076901436,3.4130859375,0.5153518834558781,0.619060238590464,5904.146478176117,13308.304197311401,20946.202904701233,18438.86288547516,29523.859375,1577.5744257569313,0.0950841631674848,0.0,0.7125842692039441,0.6152124238578836,36.2060546875,18.314298508688807,0.613041911565233,0.3319575069763232,21.709751294476895,0.04829131342958419,3.3028855143613702,0.0,0.0,1.0344337217134845,0.6921702970705848,1.831921486286047,0.0,0.0,0.0,1.519614965771325,0.0010023569921031594,0.4094709362834692,1.6030179113149643,0.03724476904608309,0.0,0.0,16.0,1.0,1.0,77.2771167140454,1.2878231001086533,78.61839204700664,1.0710209608078003e-08,1.0,0.4464946687221527
40.0,42.0,42.0,1024.0,1.0,4.0,0.00036028744933904334,83.01402054727077,0.15906480360717978,0.15540745155885816,0.31447225468582474,7.92578125,12.3779296875,0.0,0.0,0.0,0.0,0.0,0.0,16.0380859375,0.6855277453141753,16.3388671875,27.3603515625,27.3603515625,1.0,11.021484375,11.021484375,82041.3984375,1.0,1.0,1.0,0.0,0.0,0.0,0.0,0.0,0.0,0.0,0.0,0.0,0.0,1.0,0.0,0.0,0.0,0.0,0.0,0.0,0.0,0.0,0.0,1.8445310089737177,3.6123046875,0.5028983648517169,0.6032114772242494,5503.074313163757,12697.986912727356,21535.33139896393,17543.20836353302,29015.59375,1561.075675368309,0.09225407351914328,0.0,0.6855277449358255,0.580730885383673,35.7294921875,18.524979130364954,0.6175609084893949,0.3344998937100172,22.01374137871985,0.04368676593073502,3.302715949964119,0.0,0.0,1.0416386118277479,0.6854805361242633,1.8013992971174773,0.0,0.0,0.0,1.656200265046209,0.0003230395959690213,0.37467884458601475,1.628458447754383,0.03667990444228053,0.0,0.0,16.0,1.0,1.0,73.41703829588369,1.2855988000519574,74.75596433505416,2.9103830456733704e-09,1.0,0.42605268955230713
41.0,42.0,42.0,1024.0,1.0,4.0,-0.002050215352774533,82.9808219987899,0.07165288291071192,0.24651499070387217,0.3181678735418245,12.572265625,11.9345703125,0.0,0.0,0.0,0.0,0.0,0.0,16.2265625,0.6818321264581755,15.37109375,27.359375,27.359375,1.0,11.98828125,11.98828125,89387.8125,1.0,1.0,1.0,0.0,0.0,0.0,0.0,0.0,0.0,0.0,0.0,0.0,0.0,1.0,0.0,0.0,0.0,0.0,0.0,0.0,0.0,0.0,0.0,2.0383786261081696,3.912109375,0.4730354241619352,0.5657874431926757,6049.870495080948,13629.582245826721,21519.10875892639,17388.898226737976,28281.34375,1561.1470489501953,0.09474733449678752,0.0,0.6818321257887874,0.6046607300668256,35.837890625,18.73204038757831,0.6192651060409844,0.3371200468100142,22.002557640102303,0.04613750399634528,3.388355050176278,0.0,0.0,1.048911853791005,0.6859104312127533,1.879801684339563,0.0,0.0,0.0,1.587390799075365,0.0010489244014024734,0.3669596049520705,1.6233811842070685,0.021889116201135848,0.0,0.0,18.0,1.0,2.0,74.62137418985367,1.4480338990688324,76.12275124527514,1.1175870895385742e-08,1.0,-0.2148863822221756
42.0,42.0,42.0,1024.0,1.0,4.0,0.02645645795633462,83.43597302958369,0.14855239511416585,0.171415417416938,0.31996781221823767,8.7421875,11.134765625,0.0,0.0,0.0,0.0,0.0,0.0,16.318359375,0.6800321877817623,16.0419921875,27.5771484375,27.5771484375,1.0,11.53515625,11.53515625,79844.8125,1.0,1.0,1.0,0.0,0.0,0.0,0.0,0.0,0.0,0.0,0.0,0.0,0.0,1.0,0.0,0.0,0.0,0.0,0.0,0.0,0.0,0.0,0.0,1.9530270714312792,3.8662109375,0.47357853953144513,0.5838496515643783,5604.450950860977,12747.551953315735,20192.14080619812,16660.778942108154,26509.2734375,1568.6650492548943,0.09303754679058329,0.0,0.6800321872578934,0.5752748205995886,35.97265625,19.002625337801874,0.6159237298415974,0.33375001486274414,22.19865622314739,0.04381057214422192,3.2796188710436454,0.0,0.0,1.0587088526544233,0.6885537340346193,1.8136329118610948,0.0,0.0,0.0,1.6819109722273424,0.00021946406923234463,0.3512594699859619,1.6783692836761475,0.03567440970800817,0.0,0.0,16.0,1.0,1.0,72.7468346087262,1.2897772789001465,74.08999831601977,-1.1874362826347351e-08,1.0,0.3428221046924591
43.0,42.0,42.0,1024.0,1.0,4.0,0.023606828724157994,83.4009107016027,0.21001839001291955,0.11986823420556902,0.32988662278512493,6.11328125,11.17578125,0.0,0.0,0.0,0.0,0.0,0.0,16.82421875,0.6701133772148751,16.5546875,27.4775390625,27.4775390625,1.0,10.9228515625,10.9228515625,72363.90625,1.0,1.0,1.0,0.0,0.0,0.0,0.0,0.0,0.0,0.0,0.0,0.0,0.0,1.0,0.0,0.0,0.0,0.0,0.0,0.0,0.0,0.0,0.0,1.8025387860834599,3.6884765625,0.4896493081760127,0.6042519793845713,5047.949956178665,11667.125974178314,18789.59751701355,16668.649978637695,26597.7109375,1567.0374275445938,0.09026530803748756,0.0,0.67011337672011,0.5517320664366707,35.8916015625,19.1133950650692,0.6119600324309431,0.3320370623259805,22.282939088038912,0.04201014103557077,3.1810173001587922,0.0,0.0,1.0624627163791676,0.6876404273969403,1.7236815102302345,0.0,0.0,0.0,1.6712250121636316,-0.0015088727697730065,0.26834014654159544,1.6799586574236551,0.028388366227348645,0.0,0.0,30.0,1.0,2.0,71.85427113715559,2.419145544990897,74.32683907123283,2.3283064365386963e-10,1.0,0.3835251033306122
44.0,42.0,42.0,1024.0,1.0,4.0,0.006929266838264971,83.1393411681056,0.21103324917930877,0.11588539076183224,0.3269186386896763,5.91015625,9.7822265625,0.0,0.0,0.0,0.0,0.0,0.0,16.6728515625,0.6730813613103237,16.65625,27.3828125,27.3828125,1.0,10.7265625,10.7265625,67081.71875,1.0,1.0,1.0,0.0,0.0,0.0,0.0,0.0,0.0,0.0,0.0,0.0,0.0,1.0,0.0,0.0,0.0,0.0,0.0,0.0,0.0,0.0,0.0,1.7003903668373823,3.3583984375,0.4987148753425572,0.6033305292367004,4563.107535362244,10767.641686439514,16835.80796146393,16191.291439056396,26349.265625,1562.7186752557755,0.09461513359929086,0.0,0.6730813608737662,0.5526485973532544,35.8544921875,19.363226493820548,0.615808839793317,0.33370200495119207,22.159112203162202,0.04266790982755547,3.1044464106834377,0.0,0.0,1.0715670443292653,0.6871498001711778,1.6466947816970543,0.0,0.0,0.0,1.69073260424193,-0.0035728993971133605,0.38939076103270054,1.6541504319757223,0.026274458214174956,0.0,0.0,64.0,0.0,4.0,70.78568165609613,5.164283805992454,76.00328807393089,2.0954757928848267e-08,1.0,0.4190102219581604
45.0,42.0,42.0,1024.0,1.0,4.0,0.01204923126091315,83.22514129430056,0.17815564361990255,0.14640775679254148,0.3245633998885751,7.466796875,10.396484375,0.0,0.0,0.0,0.0,0.0,0.0,16.552734375,0.6754366001114249,16.2685546875,27.732421875,27.732421875,1.0,11.4638671875,11.4638671875,65573.078125,1.0,1.0,1.0,0.0,0.0,0.0,0.0,0.0,0.0,0.0,0.0,0.0,0.0,1.0,0.0,0.0,0.0,0.0,0.0,0.0,0.0,0.0,0.0,1.924902070313692,3.9619140625,0.4700739572872408,0.5767335438868031,4228.255469799042,10349.570528030396,16918.434197425842,15136.764414787292,23279.6484375,1564.8630517721176,0.09208105107245501,0.0,0.6754365996748675,0.5675903149240185,35.873046875,19.86458689160645,0.6231043385341763,0.3379543891933281,22.10499145878159,0.043816535205128404,3.0903928767876816,0.0,0.0,1.0890749172692047,0.6873605568541794,1.6312236663261872,0.0,0.0,0.0,1.6262605672236532,-0.008529316151031741,0.3001778561759878,1.6119706630706787,0.023666074292527303,0.0,0.0,27.0,1.0,2.0,71.72211311897263,2.180653184186667,73.95616691932082,-7.450580596923828e-09,1.0,0.3533056080341339
46.0,42.0,42.0,1024.0,1.0,4.0,0.03274496741362454,83.56594194844365,0.15699678868077172,0.18005129213452165,0.33704808066249825,9.1826171875,9.751953125,0.0,0.0,0.0,0.0,0.0,0.0,17.189453125,0.6629519193375017,15.2744140625,28.0400390625,28.0400390625,1.0,12.765625,12.765625,79338.75,1.0,1.0,1.0,0.0,0.0,0.0,0.0,0.0,0.0,0.0,0.0,0.0,0.0,1.0,0.0,0.0,0.0,0.0,0.0,0.0,0.0,0.0,0.0,2.332714481279254,6.5771484375,0.4115910999244079,0.5459594329295214,4725.039318561554,11910.538026332855,34611.53424739838,15340.737530708313,26066.109375,1570.075678229332,0.09125537158979569,0.0,0.6629519187554251,0.5593168930499814,35.9189453125,19.887379105202854,0.6152439630241133,0.3325971150479745,22.332206020899292,0.041054849612221,3.275321171719355,0.0,0.0,1.0882122609704559,0.687374101779332,1.7827244340315838,0.0,0.0,0.0,1.5880336328409612,0.005739828628121,0.34198945444641693,1.5887963049339526,0.021281123499978672,0.0,0.0,33.0,1.0,3.0,72.02736723888665,2.6620228071697056,74.74279767693952,-5.3551048040390015e-09,1.0,1.062504768371582
47.0,42.0,42.0,1024.0,1.0,4.0,0.055167012592187946,83.94325346499681,0.3651003475970356,0.025045940346899442,0.3901462705107406,1.27734375,5.3251953125,0.0,0.0,0.0,0.0,0.0,0.0,19.8974609375,0.6098537294892594,15.9755859375,29.7080078125,29.7080078125,1.0,13.732421875,13.732421875,131213.4375,1.0,1.0,1.0,0.0,0.0,0.0,0.0,0.0,0.0,0.0,0.0,0.0,0.0,1.0,0.0,0.0,0.0,0.0,0.0,0.0,0.0,0.0,0.0,2.5417964812368155,6.71875,0.3651983298477717,0.5613090236729477,8720.5856320858,19985.347756385803,39010.75376224518,27017.879364013672,45448.0,1573.1671761870384,0.09138605127009214,0.0,0.6098537281504832,0.5029034539329587,36.046875,12.811149658635259,0.611404730938375,0.3311404962441884,23.005634259399237,0.03556865231400088,3.7526244889777467,0.0,0.0,0.8154335057136377,0.688962094620045,2.279604569268396,0.0,0.0,0.0,1.6619970777537674,-0.0009079193996806298,0.24788768108813994,1.6289209088971537,0.05634991800592792,0.0,0.0,31.0,1.0,2.0,66.20078486483544,2.5066394060850143,68.76044904673472,-1.4901161193847656e-08,1.0,2.3137097358703613
48.0,42.0,42.0,1024.0,1.0,4.0,0.07879314653480424,84.34883822873235,0.2425130298579461,0.09311808047641534,0.3356311075622216,4.7490234375,8.912109375,0.0,0.0,0.0,0.0,0.0,0.0,17.1171875,0.6643688924377784,16.421875,27.6005859375,27.6005859375,1.0,11.1787109375,11.1787109375,78171.890625,1.0,1.0,1.0,0.0,0.0,0.0,0.0,0.0,0.0,0.0,0.0,0.0,0.0,1.0,0.0,0.0,0.0,0.0,0.0,0.0,0.0,0.0,0.0,1.9799801595509052,4.736328125,0.4689105157740414,0.6063171294517815,5548.173291683197,12693.158559799194,25208.856157302856,17687.034306526184,27988.2265625,1585.058175086975,0.09439862224462559,0.0,0.6643688918557018,0.5417783534066984,36.306640625,18.504904875531793,0.6110121923265979,0.3319289801584091,22.444527977430667,0.04031634515176552,3.252599796366069,0.0,0.0,1.0406384569448417,0.6930264480998005,1.8078916280979533,0.0,0.0,0.0,1.6556375842774287,-0.0006501057549663212,0.3377309506354125,1.6419064946796582,0.019532369368750115,0.0,0.0,23.0,1.0,2.0,69.67749687703326,1.8513648747466505,71.58188939187676,4.1211023926734924e-08,1.0,2.4765472412109375
49.0,42.0,42.0,1024.0,1.0,4.0,0.047829233330238995,83.87641928344965,0.24890855717239901,0.10064335470087826,0.3495519096031785,5.1328125,8.4970703125,0.0,0.0,0.0,0.0,0.0,0.0,17.8271484375,0.6504480903968215,15.404296875,28.5615234375,28.5615234375,1.0,13.1572265625,13.1572265625,94087.1328125,1.0,1.0,1.0,0.0,0.0,0.0,0.0,0.0,0.0,0.0,0.0,0.0,0.0,1.0,0.0,0.0,0.0,0.0,0.0,0.0,0.0,0.0,0.0,2.451855042949319,8.107421875,0.3986237127101049,0.5487345122965053,5363.07826757431,13408.168340682983,45148.521364212036,17402.547486305237,30392.53125,1575.0573006868362,0.09061476535134716,0.0,0.6504480893781874,0.5285876990237739,36.0048828125,18.204510804265738,0.6164407329633832,0.33463324373587966,22.474749544858838,0.03864268895841378,3.439684799100347,0.0,0.0,1.0278659062744113,0.6884805028531396,1.8980159419296134,0.0,0.0,0.0,1.614560408750549,0.013405418954789639,0.3272056713700294,1.55714693069458,0.0330172173678875,0.0,0.0,20.0,1.0,2.0,69.79162226291373,1.61622529104352,71.45571281062439,-1.862645149230957e-09,0.9999999403953552,2.5397489070892334
50.0,42.0,42.0,1024.0,1.0,4.0,0.07783441656951814,84.38648332282901,0.23799403471275582,0.12161072517119464,0.3596047585015185,6.2021484375,8.3720703125,0.0,0.0,0.0,0.0,0.0,0.0,18.33984375,0.6403952414984815,13.9580078125,29.306640625,29.306640625,1.0,15.3486328125,15.3486328125,114373.421875,1.0,1.0,1.0,0.0,0.0,0.0,0.0,0.0,0.0,0.0,0.0,0.0,0.0,1.0,0.0,0.0,0.0,0.0,0.0,0.0,0.0,0.0,0.0,2.9301752857863903,9.8037109375,0.34457126760389656,0.464825462520821,6705.458431720734,15347.39398097992,61579.12765789032,16789.4865732193,35664.921875,1584.4833035469055,0.0867618270785897,0.0,0.6403952405089512,0.5213851090375101,36.08984375,18.021194552071393,0.6167375333607197,0.337171239341842,22.54194169478141,0.03659770327558205,3.6363781198202414,0.0,0.0,1.0210856871612046,0.6883413516712927,2.0672534506391314,0.0,0.0,0.0,1.5123516471358016,0.009054747953390082,0.3492640536278486,1.4522721419731777,0.02959635853767395,0.0,0.0,24.0,1.0,2.0,70.10510296095163,1.9348578061908484,72.09316253010184,6.984919309616089e-09,0.9999999403953552,3.795386791229248
51.0,42.0,42.0,1024.0,1.0,4.0,0.07285752463566889,84.3323038816452,0.23914293180860113,0.13468900289444719,0.3738319336553104,6.869140625,7.7060546875,0.0,0.0,0.0,0.0,0.0,0.0,19.0654296875,0.6261680663446896,12.65625,30.0234375,30.0234375,1.0,17.3671875,17.3671875,147526.3515625,1.0,1.0,1.0,0.0,0.0,0.0,0.0,0.0,0.0,0.0,0.0,0.0,0.0,1.0,0.0,0.0,0.0,0.0,0.0,0.0,0.0,0.0,0.0,3.4659173786640167,12.8369140625,0.28568192150851246,0.4018089862947818,8631.709681034088,19098.97703742981,78504.76809310913,17727.217579841614,42240.3671875,1582.4732994437218,0.0872332198669028,0.0,0.6261680646857712,0.5028134436288383,36.0419921875,16.882342903176323,0.6122664050781168,0.33294061486958526,22.69938875030342,0.03525678063426803,3.8877074360685224,0.0,0.0,0.9781910403028444,0.6869254692642086,2.3335804033403242,0.0,0.0,0.0,1.4199577431427315,-0.002442355267703533,0.48030644106237513,1.4470347009207074,0.01715462047018503,0.0,0.0,38.0,1.0,3.0,69.8040765998885,3.0687717930413783,72.92613783897832,-3.725290298461914e-09,0.9999999403953552,5.030088424682617
52.0,42.0,42.0,1024.0,1.0,4.0,0.03507083850756779,83.7356150560081,0.17453661777835805,0.18016618084948277,0.3547027984459419,9.1884765625,8.791015625,0.0,0.0,0.0,0.0,0.0,0.0,18.08984375,0.6452972015540581,13.2216796875,29.328125,29.328125,1.0,16.1064453125,16.1064453125,140986.3984375,1.0,1.0,1.0,0.0,0.0,0.0,0.0,0.0,0.0,0.0,0.0,0.0,0.0,1.0,0.0,0.0,0.0,0.0,0.0,0.0,0.0,0.0,0.0,3.2874016351997852,13.908203125,0.2917890477110632,0.4419564084673766,10063.10402059555,21850.008109092712,85912.07054710388,18332.644453048706,45496.90625,1573.0642994642258,0.08936255590015207,0.0,0.6452972003316972,0.5376231351983733,35.9775390625,17.648437229450792,0.607728261151351,0.32942202634876594,22.364890220039342,0.03934941961775111,3.8382350555539055,0.0,0.0,1.004514455866774,0.685770415040803,2.4482526837531915,0.0,0.0,0.0,1.480510423425585,0.002720207314599644,0.4564830985936252,1.5218427686980276,0.021538676016710022,0.0,0.0,33.0,1.0,3.0,71.55190107319504,2.667366802226752,74.27286122879013,4.423782229423523e-09,0.9999999403953552,4.6374711990356445
53.0,42.0,42.0,1024.0,1.0,4.0,0.031399992459706746,83.69022396206856,0.27123545713402564,0.10657932131289272,0.37781477606040426,5.435546875,8.59765625,0.0,0.0,0.0,0.0,0.0,0.0,19.2685546875,0.6221852239395957,14.203125,28.7060546875,28.7060546875,1.0,14.5029296875,14.5029296875,111181.3359375,1.0,1.0,1.0,0.0,0.0,0.0,0.0,0.0,0.0,0.0,0.0,0.0,0.0,1.0,0.0,0.0,0.0,0.0,0.0,0.0,0.0,0.0,0.0,2.8017572797834873,9.6103515625,0.3431315026246011,0.4919647969363723,7938.325844287872,17556.852330207825,57660.6858587265,17019.809184074402,35111.4375,1569.065676510334,0.08787182482046774,0.0,0.6221852225717157,0.4869863552157767,35.7373046875,18.462364102248102,0.616766253951937,0.33381839832873084,22.74889313979807,0.03410197724601622,3.605888712355202,0.0,0.0,1.0356615856884148,0.683513782950115,2.178837837070957,0.0,0.0,0.0,1.5310491494601592,0.0007138268481339178,0.3239846417019444,1.502341866493225,0.01667978806841758,0.0,0.0,31.0,1.0,2.0,69.66428112098947,2.5015949341468513,72.21901361225173,3.725290298461914e-09,1.0,3.49265456199646
54.0,42.0,42.0,1024.0,1.0,4.0,0.055090540338965904,84.09809033572674,0.21470972020324552,0.15194160791725153,0.3666513272910379,7.7490234375,8.6923828125,0.0,0.0,0.0,0.0,0.0,0.0,18.69921875,0.6333486727089621,13.1669921875,29.423828125,29.423828125,1.0,16.2568359375,16.2568359375,128830.6328125,1.0,1.0,1.0,0.0,0.0,0.0,0.0,0.0,0.0,0.0,0.0,0.0,0.0,1.0,0.0,0.0,0.0,0.0,0.0,0.0,0.0,0.0,0.0,3.1843744441866875,12.3388671875,0.32851400043000467,0.4359427291492466,8718.87400341034,18887.037569999695,70530.40768527985,17163.085289001465,39475.5390625,1579.4026737809181,0.0926757765300863,0.0,0.6333486712246668,0.5193688460858539,36.19140625,17.82029619673267,0.611222822451964,0.33281501577585004,22.54102617015752,0.03852742915796995,3.7542957430344046,0.0,0.0,1.0132189323730378,0.688964518667374,2.2914191297735744,0.0,0.0,0.0,1.458274234435521,0.004010283595157994,0.313894338077969,1.4940476616223652,0.019788500438961718,0.0,0.0,18.0,1.0,2.0,70.70778160309419,1.4498705207370222,72.21088000899181,7.916241884231567e-09,1.0,4.397807598114014
55.0,42.0,42.0,1024.0,1.0,4.0,0.0510299090875798,84.04696749150753,0.1210171616057778,0.19690178430573724,0.317918945744168,10.0419921875,10.8271484375,0.0,0.0,0.0,0.0,0.0,0.0,16.2138671875,0.682081054255832,15.09375,28.37109375,28.37109375,1.0,13.27734375,13.27734375,78879.859375,1.0,1.0,1.0,0.0,0.0,0.0,0.0,0.0,0.0,0.0,0.0,0.0,0.0,1.0,0.0,0.0,0.0,0.0,0.0,0.0,0.0,0.0,0.0,2.2833980824798346,5.2958984375,0.40743384530651383,0.5180164990597405,5032.240113735199,12185.31442785263,28199.796219825745,15298.722034454346,24527.5390625,1582.3596746325493,0.09506566264826688,0.0,0.6820810534991324,0.5964787074190099,36.4169921875,19.700206266716123,0.5938457520096563,0.32361079487600364,22.071026136715197,0.04706498116122787,3.272775065646711,0.0,0.0,1.0827895074853737,0.6939531996687236,1.7995886388873652,0.0,0.0,0.0,1.5583611959591508,0.0022594663314521313,0.40538354218006134,1.5840942189097404,0.06398820877075195,0.0,0.0,16.0,1.0,1.0,73.38127112062648,1.287116696126759,74.71631307667121,6.984919309616089e-09,1.0,3.825237274169922
56.0,42.0,42.0,1024.0,1.0,4.0,-0.03700642949989448,82.59325600787997,0.07804841015786224,0.2215456284739048,0.2995940386026632,11.298828125,12.189453125,0.0,0.0,0.0,0.0,0.0,0.0,15.279296875,0.7004059613973368,16.4443359375,27.50390625,27.50390625,1.0,11.0595703125,11.0595703125,63896.1015625,1.0,1.0,1.0,0.0,0.0,0.0,0.0,0.0,0.0,0.0,0.0,0.0,0.0,1.0,0.0,0.0,0.0,0.0,0.0,0.0,0.0,0.0,0.0,1.767284894362092,3.34765625,0.49046451671165414,0.5870146310189739,4056.0580174922943,10075.29696893692,16125.221101760864,15214.48221874237,24160.9375,1555.7848014235497,0.09733056571349152,0.0,0.7004059609607793,0.6166080663533648,35.841796875,20.047228740528226,0.6055932282470167,0.3277461820107419,21.666686965071303,0.049645427276920756,3.061439030792684,0.0,0.0,1.095172265318645,0.6867421399810322,1.596003698226109,0.0,0.0,0.0,1.5821795847732574,-0.003753197565674782,0.4075356498360634,1.5673573017120361,0.03490827325731516,0.0,0.0,20.0,1.0,2.0,74.99586155777797,1.6100250659510493,76.6594537240453,1.1175870895385742e-08,1.0,2.2349700927734375
57.0,42.0,42.0,1024.0,1.0,4.0,0.0018319470316379809,83.22922969423234,0.09690947096714808,0.21689259402592143,0.3138020648912061,11.0615234375,11.693359375,0.0,0.0,0.0,0.0,0.0,0.0,16.00390625,0.6861979351087939,15.421875,28.3369140625,28.3369140625,1.0,12.9150390625,12.9150390625,78283.984375,1.0,1.0,1.0,0.0,0.0,0.0,0.0,0.0,0.0,0.0,0.0,0.0,0.0,1.0,0.0,0.0,0.0,0.0,0.0,0.0,0.0,0.0,0.0,2.1821286026388407,5.0625,0.4287126411218196,0.5373563446046319,5481.178421497345,12548.587216854095,25959.459513664246,15723.222681045532,25189.0,1565.7478016614914,0.09450296338400221,0.0,0.6861979342938866,0.6088462389743654,35.9013671875,19.21708269417286,0.61818322801264,0.33553065566229634,22.05699667957979,0.045718764523466335,3.267596774790219,0.0,0.0,1.06617379713587,0.6875923153480848,1.8155453624037021,0.0,0.0,0.0,1.5696503538638353,-0.0006732797419483011,0.3580019815401597,1.5824688044461337,0.016401951895518737,0.0,0.0,55.0,1.0,4.0,74.32749411370605,4.441921967547387,78.82255162391812,-6.984919309616089e-10,1.0,2.3675451278686523
58.0,42.0,42.0,1024.0,1.0,4.0,0.010809451543209187,83.38101339899004,0.0426432310086966,0.2677504396888253,0.3103936705738306,13.6552734375,11.6357421875,0.0,0.0,0.0,0.0,0.0,0.0,15.830078125,0.6896063294261694,15.3427734375,28.125,28.125,1.0,12.7822265625,12.7822265625,82993.8046875,1.0,1.0,1.0,0.0,0.0,0.0,0.0,0.0,0.0,0.0,0.0,0.0,0.0,1.0,0.0,0.0,0.0,0.0,0.0,0.0,0.0,0.0,0.0,2.2840816788375378,6.677734375,0.42621854614117183,0.5402292408107314,6657.267798662186,14254.745150089264,34432.32912540436,16081.501386642456,27363.5546875,1570.4677995741367,0.09878270081753726,0.0,0.6896063287276775,0.6334068393916823,36.1123046875,19.639300364535302,0.6134823210304603,0.3343296404054854,21.87656788593147,0.04866971787539843,3.31843798477455,0.0,0.0,1.0791188838399477,0.6898600909526751,1.9386089210338935,0.0,0.0,0.0,1.5505731548764743,0.002522979317040279,0.27714627261819513,1.5570133636737693,0.018741551144369716,0.0,0.0,29.0,1.0,2.0,75.32412679772824,2.3458027597516775,77.71876718197018,6.28642737865448e-09,1.0,2.1022801399230957
59.0,42.0,42.0,1024.0,1.0,4.0,0.02020469507490128,83.54132712632418,0.060163911890413146,0.22985598514787853,0.2900198969000485,11.72265625,14.40234375,0.0,0.0,0.0,0.0,0.0,0.0,14.791015625,0.7099801030999515,16.556640625,27.3779296875,27.3779296875,1.0,10.8212890625,10.8212890625,67246.0625,1.0,1.0,1.0,0.0,0.0,0.0,0.0,0.0,0.0,0.0,0.0,0.0,0.0,1.0,0.0,0.0,0.0,0.0,0.0,0.0,0.0,0.0,0.0,1.751952886581421,3.4833984375,0.4885769705870189,0.5986844614963047,4713.39066362381,11123.66551065445,18711.845861434937,15886.226635932922,24807.015625,1574.5717994570732,0.096787973841856,0.0,0.7099801026924979,0.6344873473572079,36.1669921875,19.922013585455716,0.6058325798949227,0.32994575041811913,21.689266921610944,0.04953296351631305,3.1088454518390387,0.0,0.0,1.090165170402615,0.6915125060540926,1.6770852130410465,0.0,0.0,0.0,1.5576640671351925,-0.00021478161215782166,0.2941992566470177,1.59893451967547,0.0498118965375808,0.0,0.0,31.0,1.0,2.0,76.54926145682111,2.50574660487473,79.10848298994824,8.847564458847046e-09,1.0,1.806486964225769
60.0,42.0,42.0,1024.0,1.0,4.0,-0.027977763733604437,82.73754791915417,0.0843481958436314,0.2007314440634218,0.2850796398706734,10.2373046875,11.9990234375,0.0,0.0,0.0,0.0,0.0,0.0,14.5390625,0.7149203601293266,17.2919921875,27.044921875,27.044921875,1.0,9.7529296875,9.7529296875,66996.5625,1.0,1.0,1.0,0.0,0.0,0.0,0.0,0.0,0.0,0.0,0.0,0.0,0.0,1.0,0.0,0.0,0.0,0.0,0.0,0.0,0.0,0.0,0.0,1.549218486994505,3.1201171875,0.5358413134817965,0.6403087714570574,4629.446677207947,10838.074685573578,16531.281942367554,17133.897520065308,27430.3125,1559.4714264273643,0.09701637388570816,0.0,0.7149203597509768,0.617905575025361,35.859375,19.151549300178885,0.6103037052671425,0.3321676680352539,21.48009812665841,0.04945429353632519,3.0978109638008453,0.0,0.0,1.0637843656417596,0.6878234146802176,1.6400763230085968,0.0,0.0,0.0,1.6388693586923182,0.00795448776334524,0.361060182005167,1.6355866074562073,0.02637286428362131,0.0,0.0,40.0,1.0,3.0,74.29128646012396,3.2427930319681764,77.58750116499141,4.0745362639427185e-09,1.0,1.1521739959716797
61.0,42.0,42.0,1024.0,1.0,4.0,0.029623741471668102,83.69201686233282,0.06973805445340986,0.21386716752567736,0.2836052218626719,10.9072265625,12.3359375,0.0,0.0,0.0,0.0,0.0,0.0,14.4638671875,0.7163947781373281,16.5986328125,27.771484375,27.771484375,1.0,11.1728515625,11.1728515625,78150.6640625,1.0,1.0,1.0,0.0,0.0,0.0,0.0,0.0,0.0,0.0,0.0,0.0,0.0,1.0,0.0,0.0,0.0,0.0,0.0,0.0,0.0,0.0,0.0,1.9016598500311375,4.576171875,0.47795506147667766,0.6050948181655258,5625.651431798935,12876.750371932983,27662.168655395508,17036.852232933044,28130.96875,1578.1215494275093,0.09675194653027575,0.0,0.7163947777007706,0.6346273187373299,36.220703125,18.812461017630994,0.6160386196570471,0.33567299228161573,21.595576077086605,0.04979990063369674,3.250489669136844,0.0,0.0,1.0513243831869916,0.6921327867288402,1.8146342344056967,0.0,0.0,0.0,1.6247378361877054,-0.0012339189648628234,0.3215139672160149,1.6037339359521865,0.02815720411017537,0.0,0.0,40.0,1.0,3.0,74.86881846701726,3.231155482120812,78.15314229717478,-6.28642737865448e-09,1.0,1.765612006187439
62.0,42.0,42.0,1024.0,1.0,4.0,0.0056296272265797635,83.30184643343091,0.07933134519589657,0.22332641899811279,0.3026577641139738,11.3896484375,10.92578125,0.0,0.0,0.0,0.0,0.0,0.0,15.435546875,0.6973422358860262,15.6259765625,28.41796875,28.41796875,1.0,12.7919921875,12.7919921875,89735.6015625,1.0,1.0,1.0,0.0,0.0,0.0,0.0,0.0,0.0,0.0,0.0,0.0,0.0,1.0,0.0,0.0,0.0,0.0,0.0,0.0,0.0,0.0,0.0,2.306835550814867,6.765625,0.40832463404512964,0.5601461312035099,6387.327871322632,14326.480872154236,40668.01856994629,16482.534196853638,29098.8515625,1569.1057993769646,0.09497127069334965,0.0,0.6973422354494687,0.6155667460261611,35.974609375,18.899461314547807,0.6184417303302325,0.3354085589526221,21.747157043546984,0.04747080417801504,3.394933982032883,0.0,0.0,1.0531307338964113,0.6879726787015255,1.946261897666714,0.0,0.0,0.0,1.5937633749563247,-0.005601575993227236,0.354485144217809,1.5839323527885205,0.021101296964016827,0.0,0.0,33.0,1.0,3.0,74.13314409088343,2.6668605669401586,76.85313668707386,5.122274160385132e-09,1.0,1.5956755876541138
63.0,42.0,42.0,1024.0,1.0,4.0,0.030356685092018634,83.72079897671938,0.145526966171019,0.1816788971882488,0.3272058631700929,9.265625,9.78515625,0.0,0.0,0.0,0.0,0.0,0.0,16.6875,0.6727941368299071,14.8779296875,28.54296875,28.54296875,1.0,13.6650390625,13.6650390625,96049.3515625,1.0,1.0,1.0,0.0,0.0,0.0,0.0,0.0,0.0,0.0,0.0,0.0,0.0,1.0,0.0,0.0,0.0,0.0,0.0,0.0,0.0,0.0,0.0,2.5651363022625446,7.94921875,0.3761758853797801,0.5189216580183711,6363.544280290604,14595.320444107056,41876.47177028656,16140.471848487854,28312.046875,1574.4888038039207,0.09019416351657128,0.0,0.6727941363060381,0.5649384551070398,36.0615234375,18.749981568194926,0.6218214044929482,0.3369113715889398,22.142831602640932,0.04290047232810229,3.467253808381318,0.0,0.0,1.048299721807823,0.6886425848010991,1.9863426495752794,0.0,0.0,0.0,1.5587606149492785,0.00576992000320128,0.3440880400261709,1.5543098215545927,0.027602821122854948,0.0,0.0,56.0,1.0,4.0,72.15094295097515,4.521107743028551,76.72018093569204,-3.259629011154175e-09,0.9999999403953552,2.0524446964263916
64.0,42.0,42.0,1024.0,1.0,4.0,0.03683351179980597,83.83504707738757,0.17982154481796897,0.15948603370270575,0.33930757810594514,8.1337890625,9.3818359375,0.0,0.0,0.0,0.0,0.0,0.0,17.3046875,0.6606924218940549,14.5439453125,28.98828125,28.98828125,1.0,14.4443359375,14.4443359375,89187.015625,1.0,1.0,1.0,0.0,0.0,0.0,0.0,0.0,0.0,0.0,0.0,0.0,0.0,1.0,0.0,0.0,0.0,0.0,0.0,0.0,0.0,0.0,0.0,2.5278316531330347,5.64453125,0.3815661644330248,0.4966198307229206,5249.328821659088,12742.786108970642,28470.52090740204,15062.456498146057,24609.484375,1575.066801905632,0.08971215924975695,0.0,0.6606924210791476,0.5540831966791302,36.03125,18.863866419531405,0.6199257210246287,0.3356307891663164,22.404774874974876,0.040927520740315415,3.3964473214416833,0.0,0.0,1.0542287680774098,0.6886089400520101,1.8603983835990343,0.0,0.0,0.0,1.6023776923539117,0.000687646446749568,0.3782704658806324,1.5867977142333984,0.1011299155652523,0.0,0.0,16.0,1.0,1.0,71.50990213174373,1.290842778980732,72.84873823216185,-5.296897143125534e-09,1.0,1.789759874343872
65.0,42.0,42.0,1024.0,1.0,4.0,0.022943687711992452,83.61461713165045,0.2260455047871801,0.12716372802242404,0.3532092318346258,6.4853515625,8.990234375,0.0,0.0,0.0,0.0,0.0,0.0,18.013671875,0.6467907681653742,14.7421875,28.76171875,28.76171875,1.0,14.01953125,14.01953125,86653.3359375,1.0,1.0,1.0,0.0,0.0,0.0,0.0,0.0,0.0,0.0,0.0,0.0,0.0,1.0,0.0,0.0,0.0,0.0,0.0,0.0,0.0,0.0,0.0,2.469921499490738,5.828125,0.3787020978925284,0.5034554625453893,4896.9182279109955,12359.208263874054,29694.819078445435,15324.40113067627,24476.96875,1570.0854257941246,0.09250019285536837,0.0,0.6467907673795708,0.5312068341299891,35.9052734375,18.84834023937583,0.6085899317986332,0.331820797000546,22.466267317541813,0.03903272276860816,3.3663499006984634,0.0,0.0,1.0540210275412332,0.6864907489460697,1.828712605033804,0.0,0.0,0.0,1.565082979039289,-0.0015445883618667722,0.3586795541923493,1.5529121700674295,0.02456557733239606,0.0,0.0,64.0,0.0,4.0,70.57840436603874,5.166725325863808,75.79306767787784,2.6775524020195007e-09,1.0,2.5201573371887207
66.0,42.0,42.0,1024.0,1.0,4.0,0.03776727646794312,83.86739931628108,0.30792357035534224,0.07741648641967913,0.38534005152177997,3.9482421875,7.5810546875,0.0,0.0,0.0,0.0,0.0,0.0,19.65234375,0.61465994847822,14.37890625,28.9345703125,28.9345703125,1.0,14.5556640625,14.5556640625,94827.9609375,1.0,1.0,1.0,0.0,0.0,0.0,0.0,0.0,0.0,0.0,0.0,0.0,0.0,1.0,0.0,0.0,0.0,0.0,0.0,0.0,0.0,0.0,0.0,2.618456620723009,6.017578125,0.34836468039429747,0.4881741017452441,5288.19594502449,13388.16073513031,30312.82763004303,15985.05408668518,25043.5078125,1571.7259252667427,0.08782784526920295,0.0,0.6146599469648208,0.48480828099127393,35.8349609375,18.17204407416284,0.6121706637786701,0.3311656006553676,22.92368626897065,0.03415616807668509,3.4555958102056272,0.0,0.0,1.029270908595434,0.6859742038888743,1.9118617527802657,0.0,0.0,0.0,1.540820331661962,-0.014492652922247847,0.3039270382788446,1.5275058348973591,0.028510936742855444,0.0,0.0,36.0,1.0,3.0,68.41827421402559,1.9422743148170412,70.4083584100008,1.1874362826347351e-08,1.0,3.023488759994507
67.0,42.0,42.0,1024.0,1.0,4.0,-0.00564739483296222,83.14818665757775,0.28791361288313055,0.09466908913600491,0.38258269874495454,4.828125,7.7900390625,0.0,0.0,0.0,0.0,0.0,0.0,19.51171875,0.6174173012550455,14.0126953125,28.90625,28.90625,1.0,14.8935546875,14.8935546875,88074.0390625,1.0,1.0,1.0,0.0,0.0,0.0,0.0,0.0,0.0,0.0,0.0,0.0,0.0,1.0,0.0,0.0,0.0,0.0,0.0,0.0,0.0,0.0,0.0,2.525487966835499,4.56640625,0.3498494893137831,0.4696708693227265,4490.467442035675,12092.608080863953,17780.654497146606,14726.546621322632,21388.3203125,1558.0368005633354,0.0905511248674884,0.0,0.6174172993924003,0.4846324821555754,35.630859375,18.640839827246964,0.6087431203923188,0.33125773261417635,22.85600149760105,0.035408782187813785,3.3897501053890267,0.0,0.0,1.0474128042745643,0.6834533923870969,1.8151908221556416,0.0,0.0,0.0,1.5527034469414502,0.0021535775158554316,0.3409948144108057,1.5566251501441002,0.0188359001185745,0.0,0.0,16.0,1.0,1.0,68.77805875707418,1.2886086371727288,70.11486809607595,1.0244548320770264e-08,0.9999999403953552,3.294703245162964
68.0,42.0,42.0,1024.0,1.0,4.0,0.04366574360639211,83.97597962990403,0.29857920762879075,0.0755974001440336,0.37417660243227147,3.85546875,7.71875,0.0,0.0,0.0,0.0,0.0,0.0,19.0830078125,0.6258233975677285,14.4404296875,28.658203125,28.658203125,1.0,14.2177734375,14.2177734375,90874.1015625,1.0,1.0,1.0,0.0,0.0,0.0,0.0,0.0,0.0,0.0,0.0,0.0,0.0,1.0,0.0,0.0,0.0,0.0,0.0,0.0,0.0,0.0,0.0,2.3736325297504663,4.322265625,0.3578956343990285,0.49265893263509497,4716.517263174057,12468.518565177917,16506.47941303253,16075.92626285553,23046.2421875,1575.0500503182411,0.09096027192572365,0.0,0.6258233959961217,0.48957496618822915,36.1181640625,17.84911183360964,0.6131759486743249,0.3323170309595298,22.823463760513135,0.03696284138660755,3.4173774182361583,0.0,0.0,1.0190673628567097,0.6896219740360212,1.8300461699436243,0.0,0.0,0.0,1.6094955587759614,2.1732528693974018e-05,0.32013938296586275,1.6117536127567291,0.030590864829719067,0.0,0.0,16.0,1.0,1.0,68.53831045888364,1.305073477793485,69.89157167403027,-4.190951585769653e-09,0.9999999403953552,3.343212366104126
69.0,42.0,42.0,1024.0,1.0,4.0,-0.010669640153161603,83.07224873825908,0.32454428121855017,0.06462543358793482,0.3891697080398444,3.2958984375,7.466796875,0.0,0.0,0.0,0.0,0.0,0.0,19.84765625,0.6108302919601556,15.1337890625,28.3359375,28.3359375,1.0,13.2021484375,13.2021484375,79605.2421875,1.0,1.0,1.0,0.0,0.0,0.0,0.0,0.0,0.0,0.0,0.0,0.0,0.0,1.0,0.0,0.0,0.0,0.0,0.0,0.0,0.0,0.0,0.0,2.1657223850488663,4.0625,0.3914948302845005,0.5232060296402778,4305.867582798004,11395.153107643127,15307.749376296997,15663.076971530914,23200.9296875,1555.5259274244308,0.0897180124775332,0.0,0.6108302905340679,0.4686638807033887,35.615234375,18.522606372833252,0.6167375307995826,0.33436743315542117,22.985693192895994,0.034259117115688596,3.278717843537429,0.0,0.0,1.0416880357523368,0.6830792649401654,1.7309982785749756,0.0,0.0,0.0,1.6108413396868855,0.001208020882173018,0.24110946601087396,1.572566736828197,0.02678681808439168,0.0,0.0,22.0,1.0,2.0,67.95377429202199,1.774968241341412,69.77708259085193,2.514570951461792e-08,1.0,1.8508341312408447
70.0,42.0,42.0,1024.0,1.0,4.0,0.07503879201603052,84.51158338412642,0.3780637362069683,0.02286303648725152,0.40092675387859344,1.166015625,5.296875,0.0,0.0,0.0,0.0,0.0,0.0,20.447265625,0.5990732461214066,15.4111328125,29.6123046875,29.6123046875,1.0,14.201171875,14.201171875,108642.2421875,1.0,1.0,1.0,0.0,0.0,0.0,0.0,0.0,0.0,0.0,0.0,0.0,0.0,1.0,0.0,0.0,0.0,0.0,0.0,0.0,0.0,0.0,0.0,2.4440426398068666,4.8095703125,0.3336070609802846,0.5248704291298054,5928.777707338333,14994.397575378418,21592.633951187134,20320.143606185913,31159.859375,1582.7800516486168,0.09013419274560874,0.0,0.5990732448117342,0.4584045276133111,36.154296875,14.859096993226558,0.6212182315648533,0.3377095747855492,23.22232564155153,0.03232430111277982,3.5815870707959454,0.0,0.0,0.9043329045946883,0.6906319257374943,2.002225999776222,0.0,0.0,0.0,1.6283030300401151,0.0031620443195981137,0.34133224759031744,1.642977237701416,0.017340460792183876,0.0,0.0,34.0,1.0,3.0,66.10186684830114,2.7416238877922297,68.89127677679062,1.1408701539039612e-08,0.9999999403953552,3.8933188915252686
71.0,42.0,42.0,1024.0,1.0,4.0,0.0280884891810249,83.74029140174389,0.23812807258946123,0.12641694420744898,0.3645450157346204,6.447265625,8.712890625,0.0,0.0,0.0,0.0,0.0,0.0,18.591796875,0.6354549842653796,14.453125,28.3681640625,28.3681640625,1.0,13.9150390625,13.9150390625,78534.3046875,1.0,1.0,1.0,0.0,0.0,0.0,0.0,0.0,0.0,0.0,0.0,0.0,0.0,1.0,0.0,0.0,0.0,0.0,0.0,0.0,0.0,0.0,0.0,2.3979489263147116,4.822265625,0.37189525648136623,0.49369433271931484,4231.285056352615,11458.68232536316,20193.87651348114,14693.090285301208,22357.7265625,1571.5155505537987,0.09324140414901194,0.0,0.6354549833049532,0.5061098387523089,36.015625,19.569982741959393,0.6161056386190467,0.33349135538446717,22.65507629795841,0.038177643645904896,3.273599402484874,0.0,0.0,1.0789087778327133,0.6884389508172272,1.755620608031086,0.0,0.0,0.0,1.5469351161736995,-0.0016676420345902443,0.3048130078241229,1.5190759599208832,0.0417594516184181,0.0,0.0,16.0,1.0,1.0,70.15635549509898,1.2880170927383006,71.49781611468643,-8.614733815193176e-09,1.0,1.883334994316101
72.0,42.0,42.0,1024.0,1.0,4.0,0.033155222745986486,83.83176755160093,0.08463542017852888,0.24324063342646696,0.3278760534594767,12.4052734375,10.021484375,0.0,0.0,0.0,0.0,0.0,0.0,16.7216796875,0.6721239465405233,13.94921875,28.771484375,28.771484375,1.0,14.822265625,14.822265625,85863.609375,1.0,1.0,1.0,0.0,0.0,0.0,0.0,0.0,0.0,0.0,0.0,0.0,0.0,1.0,0.0,0.0,0.0,0.0,0.0,0.0,0.0,0.0,0.0,2.586523065343499,5.380859375,0.35056625434663147,0.4624607241130434,4657.25679564476,12103.4626455307,24396.862617492676,14734.013701438904,22772.0625,1577.3840492367744,0.09268379690183792,0.0,0.6721239458420314,0.5960329763038317,36.1748046875,19.194737708196044,0.611940884788055,0.33356137631926686,22.129845193807967,0.045179003540396535,3.364070946590112,0.0,0.0,1.0665236332666717,0.6902647989507081,1.8196711205697742,0.0,0.0,0.0,1.4797552208183333,-0.004430621407579544,0.39856467898501907,1.4661840838055278,0.022896441782629767,0.0,0.0,43.0,1.0,3.0,73.90471932524815,3.4647928373888135,77.42268683807924,1.1408701539039612e-08,1.0,2.4545822143554688
73.0,42.0,42.0,1024.0,1.0,4.0,-0.002951138763034813,83.23197917640209,0.05229396672984876,0.2705460881388717,0.32284005486872047,13.7978515625,11.5087890625,0.0,0.0,0.0,0.0,0.0,0.0,16.46484375,0.6771599451312795,14.73046875,28.5009765625,28.5009765625,1.0,13.7705078125,13.7705078125,74244.4765625,1.0,1.0,1.0,0.0,0.0,0.0,0.0,0.0,0.0,0.0,0.0,0.0,0.0,1.0,0.0,0.0,0.0,0.0,0.0,0.0,0.0,0.0,0.0,2.3905270397663116,5.1767578125,0.3851780545373913,0.4970189204614144,4452.82297873497,11127.439531326294,25347.330493927002,14150.73249053955,22237.453125,1566.0724262595177,0.09381894125544932,0.0,0.6771599439671263,0.6220901425258489,35.974609375,20.21922889072448,0.6048177221673541,0.32904921963927336,22.058466042915786,0.04690577196598321,3.217213578845417,0.0,0.0,1.100815130366497,0.6874120931816872,1.727947617390136,0.0,0.0,0.0,1.4919341088971123,-0.004257185850292444,0.4101388296112418,1.4678252711892128,0.036176301538944244,0.0,0.0,32.0,1.0,2.0,75.5939129171893,2.5854187211953104,78.22728302376345,2.7939677238464355e-09,1.0,1.5755443572998047
74.0,42.0,42.0,1024.0,1.0,4.0,-0.030961151941271015,82.7574820779264,0.10014553103428625,0.24050242738849192,0.3406479583645705,12.265625,12.453125,0.0,0.0,0.0,0.0,0.0,0.0,17.373046875,0.6593520416354295,14.4111328125,28.23046875,28.23046875,1.0,13.8193359375,13.8193359375,86537.1875,1.0,1.0,1.0,0.0,0.0,0.0,0.0,0.0,0.0,0.0,0.0,0.0,0.0,1.0,0.0,0.0,0.0,0.0,0.0,0.0,0.0,0.0,0.0,2.563573831692338,7.25390625,0.3654546392499469,0.49958674056688324,6217.367179632187,13859.95376586914,39992.15438747406,15125.559440612793,27569.4375,1555.7701746821404,0.09423842085016076,0.0,0.6593520408205222,0.5834032296697842,35.7158203125,19.906164494343102,0.6130419109249488,0.331827144138515,22.11475262637779,0.04398245730516965,3.362732314427755,0.0,0.0,1.0878256120138894,0.6832960828672408,1.9379512422652678,0.0,0.0,0.0,1.4363964878721163,0.004579078951259938,0.39623629974155894,1.4255579564629532,0.04139631173414428,0.0,0.0,41.0,1.0,3.0,75.06650843890384,3.3033219259232283,78.42029917938635,-9.080395102500916e-09,1.0,0.5358426570892334
75.0,42.0,42.0,1024.0,1.0,4.0,-0.06115528794100845,82.24107440933585,0.11690028028533561,0.21469053979672026,0.3315908199874684,10.94921875,12.359375,0.0,0.0,0.0,0.0,0.0,0.0,16.9111328125,0.6684091800125316,15.2060546875,27.8662109375,27.8662109375,1.0,12.66015625,12.66015625,76838.109375,1.0,1.0,1.0,0.0,0.0,0.0,0.0,0.0,0.0,0.0,0.0,0.0,0.0,1.0,0.0,0.0,0.0,0.0,0.0,0.0,0.0,0.0,0.0,2.3113277703523636,6.080078125,0.3925435743003618,0.540703508304432,5894.374719619751,13069.252111434937,31246.350905418396,15103.243799209595,25187.4296875,1546.0516768693924,0.09586577579466393,0.0,0.6684091791103128,0.5813023756054463,35.62890625,20.197954847943038,0.6063304353156127,0.3307815450243652,22.075703220794225,0.04603776427327198,3.2482853048403983,0.0,0.0,1.0985979539713435,0.6833945057163364,1.8620112930940798,0.0,0.0,0.0,1.5032959502423182,-5.921546835452318e-05,0.3186458684504032,1.52215276658535,0.027484015794470906,0.0,0.0,16.0,1.0,1.0,74.5869915690273,1.2943926891312003,75.92933995183557,2.6775524020195007e-08,1.0,-0.803456723690033
76.0,42.0,42.0,1024.0,1.0,4.0,0.00735137218076871,83.38450116664171,0.2090609759761719,0.12178306221176172,0.33084403682732955,6.2109375,11.337890625,0.0,0.0,0.0,0.0,0.0,0.0,16.873046875,0.6691559631726705,16.4619140625,27.59375,27.59375,1.0,11.1318359375,11.1318359375,71829.2734375,1.0,1.0,1.0,0.0,0.0,0.0,0.0,0.0,0.0,0.0,0.0,0.0,0.0,1.0,0.0,0.0,0.0,0.0,0.0,0.0,0.0,0.0,0.0,1.8602536302059889,3.982421875,0.45331995910964906,0.5986520869191736,5299.753102064133,11993.40076494217,19070.242027282715,16449.65794658661,25915.1875,1566.6241765618324,0.09329759560932871,0.0,0.6691559629398398,0.5434566127078142,35.966796875,19.15149108786136,0.6126302220509388,0.3326983041188214,22.32497797801871,0.041983713977651146,3.1761396539785816,0.0,0.0,1.06398145489513,0.6887611467245246,1.7510487927456087,0.0,0.0,0.0,1.5852853208780289,0.0038788185454905035,0.2541291907429695,1.596139144897461,0.04166969303041697,0.0,0.0,20.0,1.0,2.0,71.89809712721035,1.6131265028379858,73.56488768290728,7.916241884231567e-09,0.9999999403953552,-0.33881786465644836
77.0,42.0,42.0,1024.0,1.0,4.0,0.08601648297716522,84.71313813701272,0.2972771240711154,0.06701897029051906,0.3642960878496524,3.41796875,7.791015625,0.0,0.0,0.0,0.0,0.0,0.0,18.5791015625,0.6357039121503476,16.0947265625,28.5048828125,28.5048828125,1.0,12.41015625,12.41015625,89657.90625,1.0,1.0,1.0,0.0,0.0,0.0,0.0,0.0,0.0,0.0,0.0,0.0,0.0,1.0,0.0,0.0,0.0,0.0,0.0,0.0,0.0,0.0,0.0,2.1638668812811375,4.6015625,0.3937722713453695,0.5797347399638966,6094.152726650238,14130.075060844421,24765.08043861389,19132.799560546875,32203.2890625,1589.068801343441,0.09103548430721276,0.0,0.6357039112772327,0.4949921633087797,36.349609375,16.963719113729894,0.6107536921044812,0.3308838752855081,22.930870704176712,0.03665991987242417,3.3781949183985907,0.0,0.0,0.9839964208086879,0.6939020675074573,1.921310466858504,0.0,0.0,0.0,1.6479815522907302,-0.0028418142028385773,0.26370295230299234,1.6382000800222158,0.03012576117180288,0.0,0.0,64.0,0.0,4.0,68.44623095914721,5.169420580379665,73.66902136569843,-1.6298145055770874e-08,1.0,1.2668612003326416
78.0,42.0,42.0,1024.0,1.0,4.0,0.030941753271426148,83.80335489101708,0.3020641953771701,0.07508039609820116,0.3771445859456435,3.8291015625,7.6162109375,0.0,0.0,0.0,0.0,0.0,0.0,19.234375,0.6228554140543565,15.255859375,28.171875,28.171875,1.0,12.916015625,12.916015625,100675.09375,1.0,1.0,1.0,0.0,0.0,0.0,0.0,0.0,0.0,0.0,0.0,0.0,0.0,1.0,0.0,0.0,0.0,0.0,0.0,0.0,0.0,0.0,0.0,2.573827700689435,7.6435546875,0.3355854628025554,0.5696751744253561,7208.134410858154,16625.584257125854,45084.08919715881,18712.12283229828,35678.8671875,1571.2921717762947,0.09017342616061796,0.0,0.6228554125409573,0.48212774921557866,35.921875,17.602479299530387,0.6143535695155151,0.3318455877597444,22.79984068312838,0.03511662812191756,3.504565534310193,0.0,0.0,1.0064744846120632,0.6862810744687877,2.106674234564587,0.0,0.0,0.0,1.5934219036716968,0.005381629966637667,0.3305832936483271,1.5508428636719198,0.01950388714013731,0.0,0.0,34.0,1.0,3.0,68.5006715869531,2.7512198509648442,71.30512298690155,-8.381903171539307e-09,0.9999999403953552,1.3107236623764038
79.0,42.0,42.0,1024.0,1.0,4.0,0.047728900655718096,84.09417010098696,0.41199449755367823,0.017003665096126497,0.4289981384354178,0.8671875,4.1337890625,0.0,0.0,0.0,0.0,0.0,0.0,21.87890625,0.5710018615645822,14.921875,30.4296875,30.4296875,1.0,15.5078125,15.5078125,174826.3515625,1.0,1.0,1.0,0.0,0.0,0.0,0.0,0.0,0.0,0.0,0.0,0.0,0.0,1.0,0.0,0.0,0.0,0.0,0.0,0.0,0.0,0.0,0.0,3.1678705494850874,9.3291015625,0.2890952642337652,0.4934237063280307,10476.048153877258,24176.163613319397,81509.45706176758,29134.00772666931,52087.390625,1573.7154264450073,0.08839254724807688,0.0,0.571001858857926,0.43286504632851575,35.892578125,12.045004789251834,0.6063208602136001,0.32765107895829715,23.272958981853137,0.029929478515036006,4.048637216259152,0.0,0.0,0.7807349666018866,0.6859472710815612,2.53796577870774,0.0,0.0,0.0,1.626022798474878,-0.009034070036103648,0.2833589796097048,1.6567478602932346,0.019414831914248004,0.0,0.0,31.0,1.0,2.0,65.43438447220251,2.5069145802408457,67.98933955701068,-5.587935447692871e-09,1.0,3.4131991863250732
80.0,42.0,42.0,1024.0,1.0,4.0,0.0166607592752619,83.58072685822845,0.27232690929668024,0.0947839791624574,0.36711088562151417,4.833984375,8.1337890625,0.0,0.0,0.0,0.0,0.0,0.0,18.72265625,0.6328891143784858,15.0107421875,28.578125,28.578125,1.0,13.5673828125,13.5673828125,94273.8203125,1.0,1.0,1.0,0.0,0.0,0.0,0.0,0.0,0.0,0.0,0.0,0.0,0.0,1.0,0.0,0.0,0.0,0.0,0.0,0.0,0.0,0.0,0.0,2.5722651463001966,8.0458984375,0.3494673644308932,0.5343378975521773,6256.063183069229,14434.36112499237,44969.9158372879,16916.30761528015,30504.0546875,1568.278425693512,0.09142996988157392,0.0,0.6328891133598518,0.5011067190207541,35.9599609375,18.346166337374598,0.6072304042754695,0.3293288020649925,22.627641524275642,0.03769504542616855,3.44569202576499,0.0,0.0,1.0333243192650534,0.6871161938067142,1.9735291004279862,0.0,0.0,0.0,1.5867704382399097,-0.002291199954925105,0.23826109617948532,1.604020470753312,0.015828097821213305,0.0,0.0,64.0,0.0,4.0,69.19758213916793,5.159404871985316,74.40715758129954,4.190951585769653e-09,0.9999999403953552,1.3079503774642944
81.0,42.0,42.0,1024.0,1.0,4.0,0.02996244622671948,83.81105478107929,0.2885646547365468,0.08735444518970326,0.3759190957644023,4.455078125,7.90625,0.0,0.0,0.0,0.0,0.0,0.0,19.171875,0.6240809042355977,14.7333984375,28.9208984375,28.9208984375,1.0,14.1875,14.1875,96228.1484375,1.0,1.0,1.0,0.0,0.0,0.0,0.0,0.0,0.0,0.0,0.0,0.0,0.0,1.0,0.0,0.0,0.0,0.0,0.0,0.0,0.0,0.0,0.0,2.7043940760195255,8.0205078125,0.34929526373161934,0.5090276760456618,5454.494416475296,13579.974223136902,45787.131514549255,16702.75384426117,30144.2578125,1571.7984257340431,0.0889532918590703,0.0,0.6240809031005483,0.49162871344015,35.9736328125,18.22157118516043,0.606100655393675,0.33149441381101497,22.77025102832176,0.036249843901591736,3.4695179872270843,0.0,0.0,1.0296651184907537,0.6873505560109714,1.9322301846418952,0.0,0.0,0.0,1.5658427570015192,-0.008351981858996785,0.2697085145057416,1.53887079743778,0.028959107311332926,0.0,0.0,51.0,1.0,4.0,68.63966927025467,4.112534518819302,72.80513338791206,-2.0023435354232788e-08,1.0,1.7039302587509155
82.0,42.0,42.0,1024.0,1.0,4.0,0.02291752379578468,83.69574151560664,0.3509689137354144,0.05210245801572455,0.40307136229239404,2.6572265625,6.6455078125,0.0,0.0,0.0,0.0,0.0,0.0,20.556640625,0.596928637707606,14.134765625,29.548828125,29.548828125,1.0,15.4140625,15.4140625,101463.1484375,1.0,1.0,1.0,0.0,0.0,0.0,0.0,0.0,0.0,0.0,0.0,0.0,0.0,1.0,0.0,0.0,0.0,0.0,0.0,0.0,0.0,0.0,0.0,2.8001948725432158,6.9833984375,0.32533631252590567,0.46956965592107736,4819.408582448959,13267.54680633545,38670.0852432251,16213.76344203949,27612.9609375,1567.666050374508,0.09004904418543447,0.0,0.596928635466611,0.4545599940029206,35.8740234375,17.52467413060367,0.6156748019275256,0.33398604069952853,23.032375933983293,0.03319432487394204,3.5220534769323404,0.0,0.0,1.005581069742483,0.6855786626151464,1.9192790795068544,0.0,0.0,0.0,1.5397536911768839,-0.0028299854917300713,0.28253015795269526,1.5604650555430233,0.016843531582806562,0.0,0.0,37.0,1.0,3.0,67.16018916061148,2.9948724349960685,70.20822303602472,9.66247171163559e-09,0.9999999403953552,1.861893653869629
83.0,42.0,42.0,1024.0,1.0,4.0,0.0348193357995398,83.90189125016332,0.3926930260058725,0.024433195547317155,0.4171262022573501,1.24609375,5.28515625,0.0,0.0,0.0,0.0,0.0,0.0,21.2734375,0.5828737977426499,15.4150390625,29.7236328125,29.7236328125,1.0,14.30859375,14.30859375,140017.6171875,1.0,1.0,1.0,0.0,0.0,0.0,0.0,0.0,0.0,0.0,0.0,0.0,0.0,1.0,0.0,0.0,0.0,0.0,0.0,0.0,0.0,0.0,0.0,2.595019157975912,5.998046875,0.3364587662217673,0.521430012100609,12325.238350391388,26871.864968299866,45765.76026535034,32618.48910522461,68757.3515625,1570.6499240398407,0.09305544924427522,0.0,0.582873794977786,0.43606191950675566,36.1064453125,11.90892048412934,0.6143535695737228,0.3351908058684785,23.255265586903143,0.03285176894097114,3.7957023214427092,0.0,0.0,0.7734697343202782,0.6888239445529152,2.5520502755738663,0.0,0.0,0.0,1.646989107481204,-0.010750755202025175,0.3605519620080789,1.648834615945816,0.02120928606018424,0.0,0.0,24.0,1.0,2.0,65.73491216590628,1.941358177922666,67.72954938001931,-1.210719347000122e-08,1.0,2.501734733581543
84.0,42.0,42.0,1024.0,1.0,4.0,-0.10738163103475815,81.49683002009988,0.4187921395059675,0.014686723632621579,0.43347883675596677,0.7490234375,4.24609375,0.0,0.0,0.0,0.0,0.0,0.0,22.107421875,0.5665211632440332,15.908203125,29.2861328125,29.2861328125,1.0,13.3779296875,13.3779296875,585945.421875,1.0,1.0,1.0,0.0,0.0,0.0,0.0,0.0,0.0,0.0,0.0,0.0,0.0,1.0,0.0,0.0,0.0,0.0,0.0,0.0,0.0,0.0,0.0,2.40761686116457,5.24609375,0.38808983107446693,0.5741781566175632,70662.76289272308,150670.50914764404,201545.83520317078,188283.3231601715,245534.2734375,1522.6519297361374,0.09571847736879135,0.0,0.5665211601008195,0.4200506114575546,35.0556640625,4.64314492297126,0.6050379259395413,0.3280910935427528,23.201433995354854,0.03159055626134274,5.07465357521616,0.0,0.0,0.35529579975450637,0.674757911363874,4.1731450167575534,0.0,0.0,0.0,1.7047899187309667,0.011176716568398064,0.2992608444444064,1.7506026358440006,0.0240424956227171,0.0,0.0,29.0,1.0,2.0,64.87615496339276,2.345726099796593,67.27514323871583,7.310882210731506e-08,1.0,0.5091772675514221
85.0,42.0,42.0,1024.0,1.0,4.0,0.0770942051074985,84.60928519070148,0.30018766351713566,0.05101100739557296,0.3511986617813818,2.6015625,6.5166015625,0.0,0.0,0.0,0.0,0.0,0.0,17.9111328125,0.6488013382186182,16.4970703125,27.9794921875,27.9794921875,1.0,11.482421875,11.482421875,936165.65625,1.0,1.0,1.0,0.0,0.0,0.0,0.0,0.0,0.0,0.0,0.0,0.0,0.0,1.0,0.0,0.0,0.0,0.0,0.0,0.0,0.0,0.0,0.0,2.2377925980836153,6.228515625,0.4210955855669454,0.622452161333058,159855.25915527344,321315.4058074951,553183.5339660645,364743.94078063965,603189.609375,1588.9187996387482,0.09377149257124984,0.0,0.6488013377238531,0.5093741234741174,36.4658203125,2.360098503646441,0.611969607998617,0.3326364807144273,22.66495201970116,0.03919016023084504,5.6141488547282865,0.0,0.0,0.20770184045778278,0.6952161095489142,5.204207341800181,0.0,0.0,0.0,1.7202537880511954,0.014872195820013681,0.3326615548382203,1.7458782494068146,0.03413059903929631,0.0,0.0,24.0,1.0,2.0,67.23056676518172,1.9461830710060894,69.22992426389828,-1.979060471057892e-08,1.0,1.4553813934326172
86.0,42.0,42.0,1024.0,1.0,4.0,0.07796545955787426,84.64042857289314,0.13652727223961847,0.16086471428570803,0.29739198595052585,8.2041015625,9.740234375,0.0,0.0,0.0,0.0,0.0,0.0,15.1669921875,0.7026080140494741,16.4580078125,27.1630859375,27.1630859375,1.0,10.705078125,10.705078125,329159.234375,1.0,1.0,1.0,0.0,0.0,0.0,0.0,0.0,0.0,0.0,0.0,0.0,0.0,1.0,0.0,0.0,0.0,0.0,0.0,0.0,0.0,0.0,0.0,2.1530269496142864,6.63671875,0.4348421535396483,0.6370484034414403,43851.841247558594,84151.05406665802,315747.9253997803,88089.93033504486,360066.4296875,1595.4321726560593,0.09647819584643003,0.0,0.7026080134673975,0.581103084521601,36.7373046875,9.536064846324734,0.6148227028897963,0.33489392284536734,21.863720644131174,0.048139849342239,4.239450616899877,0.0,0.0,0.6042834709386841,0.6987160184622047,3.212101937313789,0.0,0.0,0.0,1.6893424933077767,-0.004200014144633756,0.410909071113124,1.6792096730434534,0.022285586279450043,0.0,0.0,33.0,1.0,3.0,71.5856433021836,2.660602929070592,74.29970775404945,-2.0721927285194397e-08,1.0,2.213632345199585
87.0,42.0,42.0,1024.0,1.0,4.0,0.0269148729551718,83.786978892982,0.07318474575549772,0.22552847190854663,0.29871321746031754,11.501953125,11.0244140625,0.0,0.0,0.0,0.0,0.0,0.0,15.234375,0.7012867825396825,16.177734375,27.90625,27.90625,1.0,11.728515625,11.728515625,73579.1640625,1.0,1.0,1.0,0.0,0.0,0.0,0.0,0.0,0.0,0.0,0.0,0.0,0.0,1.0,0.0,0.0,0.0,0.0,0.0,0.0,0.0,0.0,0.0,2.1402340214699507,5.6953125,0.4637703225016594,0.5832245625206269,4653.185441017151,11278.10380411148,29135.938059806824,16065.11182975769,25428.671875,1578.6180488467216,0.09546919825152145,0.0,0.7012867818120867,0.6093858757521957,36.3037109375,19.690652571618557,0.6072591267875396,0.33082991908304393,21.825631347447096,0.04864001073402896,3.1940620942350617,0.0,0.0,1.082323513375362,0.692771442106777,1.7175521671331226,0.0,0.0,0.0,1.6548519040225074,-0.003201919374987483,0.33800812531262636,1.6175732389092445,0.038794647669419646,0.0,0.0,16.0,1.0,1.0,73.72325393091887,1.2928091092035174,75.06920969486237,8.381903171539307e-09,0.9999999403953552,1.70197594165802
88.0,42.0,42.0,1024.0,1.0,4.0,-0.023458726647842466,82.93606784008443,0.08191636373339861,0.2458639482538274,0.3277803118398879,12.5390625,10.39453125,0.0,0.0,0.0,0.0,0.0,0.0,16.716796875,0.6722196881601121,14.810546875,28.6201171875,28.6201171875,1.0,13.8095703125,13.8095703125,80311.2890625,1.0,1.0,1.0,0.0,0.0,0.0,0.0,0.0,0.0,0.0,0.0,0.0,0.0,1.0,0.0,0.0,0.0,0.0,0.0,0.0,0.0,0.0,0.0,2.4786129109561443,6.8876953125,0.37995785762905143,0.5096407656092197,4108.799342393875,11090.557579517365,35305.6285238266,14562.435440063477,24541.625,1560.2786749601364,0.0947153101915319,0.0,0.6722196871123742,0.6066453810635721,35.927734375,20.033655680716038,0.6176757975481451,0.3335003876709379,22.050102538068415,0.047126903817627956,3.293775863356081,0.0,0.0,1.0928286743404936,0.6863779415144486,1.7313486752833125,0.0,0.0,0.0,1.5716288414550945,-0.005202966090291738,0.350262475758791,1.5288243293762207,0.025899827107787134,0.0,0.0,20.0,1.0,2.0,73.9608901082538,1.6113216909579933,75.62001394992694,7.2177499532699585e-09,1.0,1.0870386362075806
89.0,42.0,42.0,1024.0,1.0,4.0,0.0271646042375467,83.79242003150284,0.09378830046625808,0.2447724951271084,0.3385607955278829,12.4833984375,9.7265625,0.0,0.0,0.0,0.0,0.0,0.0,17.2666015625,0.6614392044721171,13.751953125,29.296875,29.296875,1.0,15.544921875,15.544921875,95481.5234375,1.0,1.0,1.0,0.0,0.0,0.0,0.0,0.0,0.0,0.0,0.0,0.0,0.0,1.0,0.0,0.0,0.0,0.0,0.0,0.0,0.0,0.0,0.0,2.8755855076014996,7.91796875,0.3398602749221027,0.45195214182604104,4655.336570739746,12084.934614181519,43268.593128204346,14824.423776626587,26892.453125,1575.2795526981354,0.09274885597915272,0.0,0.6614392032788601,0.584308900666656,36.0146484375,19.08942944277078,0.6192076613660902,0.3341368548863102,22.293766856005988,0.04247740363758724,3.4691717411780356,0.0,0.0,1.06089084599754,0.6873531290940385,1.8410259523284664,0.0,0.0,0.0,1.5029888151912019,0.003610662619272868,0.3504800912406709,1.5325583537419638,0.02710658402906524,0.0,0.0,45.0,1.0,3.0,73.43914148490876,3.6368141239508986,77.12892703386024,1.1175870895385742e-08,1.0,1.6411807537078857
90.0,42.0,42.0,1024.0,1.0,4.0,0.029332818043054612,83.83256180211902,0.15743719933198008,0.18437880446617783,0.3418160035216715,9.4033203125,9.962890625,0.0,0.0,0.0,0.0,0.0,0.0,17.4326171875,0.6581839964783285,14.607421875,28.7978515625,28.7978515625,1.0,14.1904296875,14.1904296875,77779.84375,1.0,1.0,1.0,0.0,0.0,0.0,0.0,0.0,0.0,0.0,0.0,0.0,0.0,1.0,0.0,0.0,0.0,0.0,0.0,0.0,0.0,0.0,0.0,2.529589446261525,6.2490234375,0.38178690351196565,0.48699007782852277,3541.4249806404114,10552.5152425766,32400.327606201172,14110.622187614441,23333.25,1575.5978011488914,0.09290310546202818,0.0,0.6581839956343174,0.5591213430307107,36.1201171875,20.180144084617496,0.6128408533986658,0.33276092098094523,22.36848473485095,0.0423031212380831,3.265708508961593,0.0,0.0,1.0989428487714947,0.6897605415397648,1.6921246037469646,0.0,0.0,0.0,1.5674431099323556,-0.0074556091607644644,0.33567016032235375,1.5870333457815236,0.02759014673787972,0.0,0.0,29.0,1.0,2.0,72.16832763375714,2.3514360287226737,74.57295220997185,-5.820766091346741e-09,1.0,1.6096289157867432
91.0,42.0,42.0,1024.0,1.0,4.0,0.024886551075476,83.76191354170442,0.21208640477925655,0.12789136464925832,0.3399777681042906,6.5224609375,10.556640625,0.0,0.0,0.0,0.0,0.0,0.0,17.3388671875,0.6600222318957094,15.5927734375,28.1904296875,28.1904296875,1.0,12.59765625,12.59765625,68596.1328125,1.0,1.0,1.0,0.0,0.0,0.0,0.0,0.0,0.0,0.0,0.0,0.0,0.0,1.0,0.0,0.0,0.0,0.0,0.0,0.0,0.0,0.0,0.0,2.2057614233344793,4.98046875,0.42847837292356417,0.5307553930906579,3791.16748547554,10446.003392219543,22412.674485206604,15012.108850479126,23858.21875,1574.5042998194695,0.09512789708969649,0.0,0.6600222309061792,0.5356340371945407,36.228515625,19.941958461888134,0.5987668613670394,0.3264234436210245,22.328148337207217,0.042856516627295345,3.1384312312788993,0.0,0.0,1.0910542099396745,0.6917704290957183,1.6584171325497588,0.0,0.0,0.0,1.6144065257394686,0.002813755438245576,0.29666509196676055,1.6149182648494327,0.017854016916505223,0.0,0.0,29.0,1.0,2.0,71.327485086862,2.3367886408232152,73.71281475992873,9.313225746154785e-10,1.0,1.5610175132751465
92.0,42.0,42.0,1024.0,1.0,4.0,-0.0024665109913726817,83.30407802015543,0.3014514503374812,0.07573143703484675,0.3771828827448189,3.8623046875,9.666015625,0.0,0.0,0.0,0.0,0.0,0.0,19.236328125,0.6228171172551811,15.7041015625,28.107421875,28.107421875,1.0,12.4033203125,12.4033203125,83287.1796875,1.0,1.0,1.0,0.0,0.0,0.0,0.0,0.0,0.0,0.0,0.0,0.0,0.0,1.0,0.0,0.0,0.0,0.0,0.0,0.0,0.0,0.0,0.0,2.288964446634054,5.7421875,0.4152864709030837,0.5653172695310786,5579.705735206604,13077.905009269714,29915.151926517487,17863.798305511475,29200.9765625,1561.508303284645,0.0903031550005835,0.0,0.6228171160328202,0.4851847659883788,35.765625,18.030202914960682,0.6103132808930241,0.3299389309831895,22.80792347909512,0.036551948713853796,3.3149072561814825,0.0,0.0,1.0229635791400136,0.6849299498686401,1.858101019780337,0.0,0.0,0.0,1.5832821477670223,0.0006416224641725421,0.24714881274849176,1.6206367462873459,0.027642858680337667,0.0,0.0,16.0,1.0,1.0,69.62662703171372,1.2867660080082715,70.96153586823493,-1.955777406692505e-08,1.0,1.2642185688018799
93.0,42.0,42.0,1024.0,1.0,4.0,-0.02253796891858082,82.95980140939355,0.1692325430103665,0.16423480917183042,0.333467351825675,8.3759765625,10.537109375,0.0,0.0,0.0,0.0,0.0,0.0,17.0068359375,0.666532648174325,15.6630859375,27.837890625,27.837890625,1.0,12.1748046875,12.1748046875,72605.2421875,1.0,1.0,1.0,0.0,0.0,0.0,0.0,0.0,0.0,0.0,0.0,0.0,0.0,1.0,0.0,0.0,0.0,0.0,0.0,0.0,0.0,0.0,0.0,2.272069923579693,6.0341796875,0.4144308715767693,0.5645192454685457,4442.861746788025,11269.6828789711,31204.643072128296,15689.9445104599,26313.8359375,1559.419550538063,0.09596157382111414,0.0,0.6665326476504561,0.5535163328459021,35.875,19.848424117080867,0.6098154250648804,0.32956480636494234,22.15918935444376,0.04326459642642998,3.184929791115894,0.0,0.0,1.0876553184694195,0.6864842883826139,1.7276937467545324,0.0,0.0,0.0,1.6263892671559006,-0.0004677933585994384,0.31390540477107554,1.5920000006170834,0.024035158329734616,0.0,0.0,51.0,1.0,4.0,72.11181967379525,4.116773910820484,76.28196338610724,-1.3969838619232178e-08,0.9999999403953552,0.4188494086265564
94.0,42.0,42.0,1024.0,1.0,4.0,0.044007187168191624,84.09055077657104,0.1762408151589625,0.16073067316392553,0.33697148773353547,8.197265625,11.568359375,0.0,0.0,0.0,0.0,0.0,0.0,17.185546875,0.6630285122664645,15.083984375,28.5712890625,28.5712890625,1.0,13.4873046875,13.4873046875,77255.8203125,1.0,1.0,1.0,0.0,0.0,0.0,0.0,0.0,0.0,0.0,0.0,0.0,0.0,1.0,0.0,0.0,0.0,0.0,0.0,0.0,0.0,0.0,0.0,2.442382425069809,6.3154296875,0.39719028989202343,0.5114351965894457,3664.5160851478577,10491.86292886734,31579.970600128174,14917.72289276123,24341.5078125,1580.885549724102,0.09190037623193348,0.0,0.6630285113060381,0.5529399261868093,36.2333984375,19.755834583193064,0.607938889763318,0.33058830141089857,22.322103973310952,0.04218151066350487,3.258573642938838,0.0,0.0,1.0844493342857193,0.6914086629095949,1.6808738186078922,0.0,0.0,0.0,1.5654792493442073,-0.006430204026401043,0.25867068618535993,1.5117130994796752,0.027393864933401346,0.0,0.0,20.0,1.0,2.0,72.832514625974,1.613128986209631,74.49844246264547,2.8405338525772095e-08,0.9999999403953552,1.306400179862976
95.0,42.0,42.0,1024.0,1.0,4.0,-0.0060015851734816945,83.24347415938973,0.14231005426699994,0.20057825346884783,0.3428883076121565,10.2294921875,11.55078125,0.0,0.0,0.0,0.0,0.0,0.0,17.4873046875,0.6571116923878435,13.794921875,29.431640625,29.431640625,1.0,15.63671875,15.63671875,90576.4765625,1.0,1.0,1.0,0.0,0.0,0.0,0.0,0.0,0.0,0.0,0.0,0.0,0.0,1.0,0.0,0.0,0.0,0.0,0.0,0.0,0.0,0.0,0.0,2.8169917929917574,6.921875,0.33992971302359365,0.4393690401338972,3824.041082382202,11505.891711235046,35075.798221588135,14660.248092651367,24119.9765625,1564.8624237179756,0.09456102364856633,0.0,0.6571116913983133,0.5681960542715387,36.0166015625,18.95898282341659,0.6124866101890802,0.3331139895017259,22.24861399518268,0.04381700870944432,3.4186128152717004,0.0,0.0,1.057912591491839,0.6876152143444356,1.7925096678508492,0.0,0.0,0.0,1.4701451585278846,0.009588917178150854,0.3649612445580332,1.4744775044290643,0.028693973773012037,0.0,0.0,38.0,1.0,3.0,73.80367871606722,3.0648612626828253,76.92169095994905,-9.313225746154785e-09,1.0,1.2675936222076416
96.0,42.0,42.0,1024.0,1.0,4.0,0.04717966859622916,84.15309558436275,0.27414599650364835,0.11222806520527229,0.3863740593078546,5.7236328125,8.7314453125,0.0,0.0,0.0,0.0,0.0,0.0,19.705078125,0.6136259406921454,13.5322265625,29.3212890625,29.3212890625,1.0,15.7890625,15.7890625,99007.3046875,1.0,1.0,1.0,0.0,0.0,0.0,0.0,0.0,0.0,0.0,0.0,0.0,0.0,1.0,0.0,0.0,0.0,0.0,0.0,0.0,0.0,0.0,0.0,2.9374018628150225,7.6083984375,0.3332947096496355,0.43562278989702463,4081.4786875247955,12174.95084142685,41998.307057380676,15023.033051490784,26944.0078125,1578.1071757674217,0.08946901289891684,0.0,0.6136259392951615,0.4780016079021152,36.1376953125,18.70102001912892,0.6180396173149347,0.332720412989147,22.871882559645265,0.035519314196975585,3.503317703495859,0.0,0.0,1.0472716481979836,0.6887137724735135,1.8520576201003869,0.0,0.0,0.0,1.479506664793007,-0.0005109514231267183,0.4271009201588838,1.5100425585456516,0.020920755341649055,0.0,0.0,23.0,1.0,2.0,69.65077781071886,1.8551273229531944,71.55933279218152,-1.955777406692505e-08,1.0,1.9320908784866333
97.0,42.0,42.0,1024.0,1.0,4.0,-0.002556437727146331,83.3138836286962,0.2688419215628528,0.11186424800689565,0.3807061672268901,5.705078125,8.427734375,0.0,0.0,0.0,0.0,0.0,0.0,19.416015625,0.6192938327731099,14.12890625,28.9658203125,28.9658203125,1.0,14.8369140625,14.8369140625,88645.09375,1.0,1.0,1.0,0.0,0.0,0.0,0.0,0.0,0.0,0.0,0.0,0.0,0.0,1.0,0.0,0.0,0.0,0.0,0.0,0.0,0.0,0.0,0.0,2.7298824079334736,6.9052734375,0.34590566050610505,0.45659809559583664,3989.1138253211975,11646.23910665512,36358.16788482666,15094.454161643982,25210.6484375,1561.8279264569283,0.09187014897543122,0.0,0.6192938315216452,0.48291529106063535,35.78515625,18.926540249027312,0.6099207411753014,0.33270172085030936,22.799866875717527,0.03594967108534748,3.3967254942959677,0.0,0.0,1.0560104470079288,0.6847802714276763,1.7947111736223538,0.0,0.0,0.0,1.5346802233252674,0.0002252841668744241,0.30437720879431696,1.5456765390211535,0.042397411720406626,0.0,0.0,31.0,1.0,2.0,69.30854695430025,2.5003491290844977,71.86246421793476,-1.6298145055770874e-08,0.9999999403953552,1.4961329698562622
98.0,42.0,42.0,1024.0,1.0,4.0,0.02110013837370199,83.7149914316833,0.2177925939540728,0.1377144331272575,0.35550702636828646,7.0234375,9.45703125,0.0,0.0,0.0,0.0,0.0,0.0,18.130859375,0.6444929736317135,14.8134765625,28.5634765625,28.5634765625,1.0,13.75,13.75,91187.6015625,1.0,1.0,1.0,0.0,0.0,0.0,0.0,0.0,0.0,0.0,0.0,0.0,0.0,1.0,0.0,0.0,0.0,0.0,0.0,0.0,0.0,0.0,0.0,2.595995644107461,7.1376953125,0.38345077747362666,0.49614480359014124,4877.661346197128,12728.768650531769,38119.85408115387,16234.628096580505,27367.6953125,1572.2519254684448,0.09305731434869813,0.0,0.6444929728168063,0.5161278690356994,36.09375,18.68571624532342,0.6077665562042966,0.33092872906127013,22.482167929261585,0.04008103353196032,3.4139047951765242,0.0,0.0,1.0472979070735486,0.6888514948079176,1.8629760985656292,0.0,0.0,0.0,1.5867040228331462,-0.007342401226716382,0.39447870956999914,1.634820601769856,0.030025646888784,0.0,0.0,28.0,1.0,2.0,70.82047263486311,2.2619664119556546,73.13546371320263,5.820766091346741e-11,1.0,1.535423994064331
99.0,42.0,42.0,1024.0,1.0,4.0,0.0034244858980660804,83.41726292297244,0.23058364842290757,0.11852785241353558,0.3491114992357325,6.044921875,9.63671875,0.0,0.0,0.0,0.0,0.0,0.0,17.8046875,0.6508885007642675,15.8740234375,27.5830078125,27.5830078125,1.0,11.708984375,11.708984375,82900.9765625,1.0,1.0,1.0,0.0,0.0,0.0,0.0,0.0,0.0,0.0,0.0,0.0,0.0,1.0,0.0,0.0,0.0,0.0,0.0,0.0,0.0,0.0,0.0,2.313476135954261,6.6396484375,0.4125627870380413,0.589115605893312,5153.455204248428,12643.533532619476,36899.87621688843,17054.484954833984,28782.8671875,1566.9831742048264,0.09554647617551382,0.0,0.6508885002112947,0.5191002458013827,36.119140625,19.158295274712145,0.6208544151159003,0.3341849912831094,22.419922314527362,0.04194382268246645,3.3158961809416683,0.0,0.0,1.0624111321428864,0.6901387636637805,1.8302900398370752,0.0,0.0,0.0,1.6590757605154067,-0.0015956219867803156,0.2699857458937913,1.6419770512729883,0.01860818249406293,0.0,0.0,64.0,0.0,4.0,70.37311881687492,5.164846021216363,75.59132713964209,1.3969838619232178e-08,1.0,0.9845411777496338
100.0,42.0,42.0,1024.0,1.0,4.0,0.00702831257922858,83.47974521294236,0.30943628487875685,0.05694697368016932,0.36638325068634003,2.904296875,7.4091796875,0.0,0.0,0.0,0.0,0.0,0.0,18.685546875,0.63361674931366,16.193359375,28.490234375,28.490234375,1.0,12.296875,12.296875,115185.59375,1.0,1.0,1.0,0.0,0.0,0.0,0.0,0.0,0.0,0.0,0.0,0.0,0.0,1.0,0.0,0.0,0.0,0.0,0.0,0.0,0.0,0.0,0.0,2.316308232024312,6.5400390625,0.410499165795045,0.5830279997899197,9267.046675920486,20314.001665115356,41245.61853981018,25591.6726436615,50689.8984375,1565.9373000264168,0.09146338963910239,0.0,0.6336167487024795,0.49074482210562564,35.91796875,14.2523971227929,0.609729258751031,0.32907864652224816,22.665411775177347,0.03756834367161574,3.613115308005127,0.0,0.0,0.8762475906881744,0.6874743666480523,2.263530723828759,0.0,0.0,0.0,1.6958588522393256,-0.005619558840990067,0.2465694624185562,1.6903031253814698,0.01841555967926979,0.0,0.0,25.0,1.0,2.0,67.879723389633,2.0164480907842517,69.94981451518834,-3.259629011154175e-09,1.0,1.3281834125518799
101.0,42.0,42.0,1024.0,1.0,4.0,0.03954851121193079,84.03883516415954,0.24551931073801825,0.11071535248629516,0.35623466086690314,5.646484375,9.2216796875,0.0,0.0,0.0,0.0,0.0,0.0,18.16796875,0.6437653391330969,15.03515625,28.7294921875,28.7294921875,1.0,13.6943359375,13.6943359375,87123.3203125,1.0,1.0,1.0,0.0,0.0,0.0,0.0,0.0,0.0,0.0,0.0,0.0,0.0,1.0,0.0,0.0,0.0,0.0,0.0,0.0,0.0,0.0,0.0,2.469823818653822,6.4169921875,0.38551953458227217,0.5086547968676314,5149.529989004135,12754.284220218658,32012.34335041046,16409.177446365356,26723.796875,1577.9435512423515,0.09093183323784615,0.0,0.6437653380271513,0.5167202642696793,36.1162109375,18.456844110041857,0.6155886330525391,0.3335197027772665,22.5605057411033,0.03864580241367583,3.3710299319874264,0.0,0.0,1.0389554950427953,0.6894017143678876,1.8503924563095486,0.0,0.0,0.0,1.617409848375246,-0.00207883701659739,0.3001352036371827,1.574210949242115,0.030502204783260822,0.0,0.0,16.0,1.0,1.0,70.18874164996669,1.2936941869556904,71.53588596312329,2.3283064365386963e-09,1.0,1.6399242877960205
102.0,42.0,42.0,1024.0,1.0,4.0,-0.03799137150829704,82.71613626368344,0.2166436966654146,0.15381814019201556,0.37046183622442186,7.8447265625,9.154296875,0.0,0.0,0.0,0.0,0.0,0.0,18.8935546875,0.6295381637755781,13.5986328125,29.416015625,29.416015625,1.0,15.8173828125,15.8173828125,96455.0234375,1.0,1.0,1.0,0.0,0.0,0.0,0.0,0.0,0.0,0.0,0.0,0.0,0.0,1.0,0.0,0.0,0.0,0.0,0.0,0.0,0.0,0.0,0.0,2.925390223041177,6.5439453125,0.32971953094238415,0.42474556269007735,4582.3091497421265,12796.496771812439,31096.177298545837,15139.37777042389,24156.3671875,1551.3644255399704,0.09157250293355901,0.0,0.629538162262179,0.5082115360492026,35.61328125,18.258919110521674,0.6139514557435177,0.3337330903741531,22.619420754492698,0.03872443241547629,3.4757970106194636,0.0,0.0,1.0332287774115994,0.6823219455823342,1.8969910049269993,0.0,0.0,0.0,1.5149284038925543,0.0015655815710916238,0.29433359074241977,1.4781260946217705,0.024535472450010917,0.0,0.0,34.0,1.0,3.0,71.06104766810313,2.7374628270044923,73.85220700362697,-1.932494342327118e-08,1.0,0.7448604106903076
103.0,42.0,42.0,1024.0,1.0,4.0,0.08184720252526803,84.7621086910367,0.23336014941742178,0.13930374001938617,0.37266388835269026,7.1044921875,8.5712890625,0.0,0.0,0.0,0.0,0.0,0.0,19.005859375,0.6273361116473097,13.1259765625,29.919921875,29.919921875,1.0,16.7939453125,16.7939453125,105826.6328125,1.0,1.0,1.0,0.0,0.0,0.0,0.0,0.0,0.0,0.0,0.0,0.0,0.0,1.0,0.0,0.0,0.0,0.0,0.0,0.0,0.0,0.0,0.0,3.1220699287950993,6.71875,0.30148530880978797,0.39602208137512207,4564.823935508728,13157.347301483154,33072.9762468338,15252.869220733643,24023.0078125,1591.4036726355553,0.09112775143512408,0.0,0.6273361101921182,0.5057875658822013,36.4873046875,17.860881282016635,0.6173502755118534,0.3360663651255891,22.77921828411839,0.038219409252966935,3.5712842307349923,0.0,0.0,1.019271555075425,0.6936451356622667,1.9405901796003546,0.0,0.0,0.0,1.4717731883283705,0.006140518771565478,0.2822086519521216,1.415178480355636,0.029075486585497856,0.0,0.0,23.0,1.0,2.0,69.97638318501413,1.8581701810471714,71.88758380897343,-1.816079020500183e-08,1.0,1.9041988849639893
104.0,42.0,42.0,1024.0,1.0,4.0,0.03175963261119717,83.92097648046911,0.2787990295109921,0.12685735557897715,0.4056563824415207,6.4697265625,7.935546875,0.0,0.0,0.0,0.0,0.0,0.0,20.6884765625,0.5943436175584793,12.1025390625,30.486328125,30.486328125,1.0,18.3837890625,18.3837890625,131394.5625,1.0,1.0,1.0,0.0,0.0,0.0,0.0,0.0,0.0,0.0,0.0,0.0,0.0,1.0,0.0,0.0,0.0,0.0,0.0,0.0,0.0,0.0,0.0,3.5345698948949575,7.6396484375,0.25879019890271593,0.3527065990201663,5917.636200428009,15902.19898223877,34767.4657831192,16320.602805137634,25246.96875,1573.1050509810448,0.08936683026331593,0.0,0.5943436152883805,0.45829087596939644,36.0634765625,16.460048930719495,0.610887729562819,0.33160800565383397,22.949125083634534,0.034951754537874705,3.779350188253191,0.0,0.0,0.9675793995821956,0.6868575434147555,2.1599855086476913,0.0,0.0,0.0,1.3879285095608793,0.01441308128691855,0.3953965221132551,1.381681413877578,0.01820318666951997,0.0,0.0,21.0,1.0,2.0,69.33971807407215,1.6929135359823704,71.08626835606992,-1.862645149230957e-09,1.0,2.345362901687622
105.0,42.0,42.0,1024.0,1.0,4.0,-0.01381562467673082,83.14221745356917,0.32328049464558717,0.09419038487249054,0.417470874323044,4.8037109375,7.3134765625,0.0,0.0,0.0,0.0,0.0,0.0,21.291015625,0.582529125676956,12.1962890625,30.857421875,30.857421875,1.0,18.6611328125,18.6611328125,156139.921875,1.0,1.0,1.0,0.0,0.0,0.0,0.0,0.0,0.0,0.0,0.0,0.0,0.0,1.0,0.0,0.0,0.0,0.0,0.0,0.0,0.0,0.0,0.0,3.7416988275945187,7.251953125,0.23082064937625546,0.3537479386141058,8212.77493429184,20047.678176879883,32542.276819229126,19131.424436569214,29231.875,1557.4781773388386,0.09138748110854067,0.0,0.5825291230139555,0.44218782625102904,35.705078125,14.64698345400393,0.611864291713573,0.3326122915605083,22.932876719809286,0.03375439957554792,3.934082171547686,0.0,0.0,0.8957286965762858,0.6807809646995341,2.409581532907147,0.0,0.0,0.0,1.3785757455043495,-0.0028883614577353,0.30538984574377537,1.4056247845292091,0.028633793466724455,0.0,0.0,16.0,1.0,1.0,68.52072498807684,1.294380262028426,69.86839532712474,7.916241884231567e-09,0.9999999403953552,1.9660333395004272
106.0,42.0,42.0,1024.0,1.0,4.0,-0.010302241830882308,83.20063577592373,0.3483455989626236,0.061944675268023275,0.41029026577598415,3.1591796875,7.1611328125,0.0,0.0,0.0,0.0,0.0,0.0,20.9248046875,0.5897097342240158,13.599609375,30.0322265625,30.0322265625,1.0,16.4326171875,16.4326171875,119862.609375,1.0,1.0,1.0,0.0,0.0,0.0,0.0,0.0,0.0,0.0,0.0,0.0,0.0,1.0,0.0,0.0,0.0,0.0,0.0,0.0,0.0,0.0,0.0,3.1145503483712673,7.634765625,0.2943201061425498,0.4239700335019734,6040.475342750549,15780.296600341797,40013.67959880829,18035.042155265808,30626.1953125,1558.2340505719185,0.09029095174992108,0.0,0.5897097314300481,0.447030700466712,35.841796875,16.153939995449036,0.6090877882670611,0.33253845130093396,22.992887203790907,0.034131190070971984,3.6803722763146043,0.0,0.0,0.953236175898897,0.6844135682120809,2.101779359103956,0.0,0.0,0.0,1.4923030592035502,-0.0014311892446130514,0.2512982627376914,1.564075231552124,0.08681022166274488,0.0,0.0,16.0,1.0,1.0,67.82235615095124,1.2877606600522995,69.16349547402933,7.450580596923828e-09,1.0,1.1201215982437134
107.0,42.0,42.0,1024.0,1.0,4.0,0.06104268589956277,84.42768866568804,0.35858993070723955,0.04486440811888315,0.40345432751928456,2.2880859375,6.7314453125,0.0,0.0,0.0,0.0,0.0,0.0,20.576171875,0.5965456724807154,14.8583984375,29.251953125,29.251953125,1.0,14.3935546875,14.3935546875,120798.6875,1.0,1.0,1.0,0.0,0.0,0.0,0.0,0.0,0.0,0.0,0.0,0.0,0.0,1.0,0.0,0.0,0.0,0.0,0.0,0.0,0.0,0.0,0.0,2.734569838270545,7.1787109375,0.33353216413524933,0.5053020673221909,8777.842607975006,19941.667163848877,44206.04191017151,23508.998185157776,43135.984375,1581.5528004169464,0.09104385362297762,0.0,0.5965456702688243,0.45129101136990357,36.2705078125,15.020901946350932,0.6070197732187808,0.3285292719665449,23.1896907318598,0.03331373469997459,3.669715853907861,0.0,0.0,0.906155066073584,0.691239757790808,2.258698035851233,0.0,0.0,0.0,1.5984482979401946,0.0092515101784776,0.3372548993291526,1.6462269487052128,0.027209429006124365,0.0,0.0,29.0,1.0,2.0,66.88076298078522,2.341956086922437,69.27602919796482,-1.5599653124809265e-08,1.0,1.6271324157714844
108.0,42.0,42.0,1024.0,1.0,4.0,0.002413670496283141,83.42677930742502,0.31956572725903243,0.05876606049423572,0.3783317797933705,2.9970703125,7.3818359375,0.0,0.0,0.0,0.0,0.0,0.0,19.294921875,0.6216682202066295,15.806640625,27.9287109375,27.9287109375,1.0,12.1220703125,12.1220703125,122720.6015625,1.0,1.0,1.0,0.0,0.0,0.0,0.0,0.0,0.0,0.0,0.0,0.0,0.0,1.0,0.0,0.0,0.0,0.0,0.0,0.0,0.0,0.0,0.0,2.4132808540016413,7.24609375,0.38535414618672803,0.5833832928910851,10115.952759742737,22617.642088890076,47600.316860198975,26213.051257133484,51252.3828125,1564.5816766619682,0.09472359803839936,0.0,0.6216682192462031,0.48095024791837204,36.0673828125,14.57453566743061,0.6122951284050941,0.3318886951019522,22.79424503905326,0.03835271951073085,3.6735937134961762,0.0,0.0,0.8872404271568028,0.6894123147660617,2.3720534426074957,0.0,0.0,0.0,1.657532738870941,-0.005637555959678832,0.16074989416769572,1.6836751812980288,0.02909346226425398,0.0,0.0,21.0,1.0,2.0,67.40056786313653,1.6952857873402536,69.14920362411067,4.6566128730773926e-09,1.0,0.9518840312957764
109.0,42.0,42.0,1024.0,1.0,4.0,-0.02158333770864778,83.0131463855505,0.26055071444716305,0.08873312216019258,0.3492838335514534,4.525390625,8.2705078125,0.0,0.0,0.0,0.0,0.0,0.0,17.8134765625,0.6507161664485466,16.1455078125,27.4521484375,27.4521484375,1.0,11.306640625,11.306640625,127936.9609375,1.0,1.0,1.0,0.0,0.0,0.0,0.0,0.0,0.0,0.0,0.0,0.0,0.0,1.0,0.0,0.0,0.0,0.0,0.0,0.0,0.0,0.0,0.0,2.449901858344674,8.6005859375,0.34899256617063656,0.6308232806040905,12091.125263214111,25199.717891693115,54613.65115356445,26683.82445049286,50924.1953125,1558.63117313385,0.09521871106335311,0.0,0.6507161658955738,0.5137495094095357,35.845703125,14.906106157694012,0.6086761018377729,0.32968463623546995,22.415180968581584,0.04062040879925537,3.714046854439143,0.0,0.0,0.8985395846916417,0.6862539398599764,2.48422732916029,0.0,0.0,0.0,1.6850497382692993,-0.002679500314924452,0.40399181180530125,1.6714683930079142,0.015876477542850705,0.0,0.0,45.0,1.0,3.0,68.87111977208406,3.635117939207703,72.55967009067535,1.1175870895385742e-08,0.9999999403953552,0.46914592385292053
110.0,42.0,42.0,1024.0,1.0,4.0,0.03217894961886881,83.93632247671485,0.34987746119441,0.036075348558370024,0.3859527963504661,1.83984375,6.61328125,0.0,0.0,0.0,0.0,0.0,0.0,19.68359375,0.6140472036495339,16.15625,28.884765625,28.884765625,1.0,12.728515625,12.728515625,138619.265625,1.0,1.0,1.0,0.0,0.0,0.0,0.0,0.0,0.0,0.0,0.0,0.0,0.0,1.0,0.0,0.0,0.0,0.0,0.0,0.0,0.0,0.0,0.0,2.3826167285442352,6.9599609375,0.3831838063488249,0.5955064902082086,11921.803588867188,26095.68010520935,55608.051652908325,30234.637650489807,69803.734375,1573.1660511493683,0.09061945626308443,0.0,0.6140472021652386,0.4731973542511696,36.056640625,12.487076282966882,0.6113281387952156,0.3319724941102322,22.94928368798321,0.03515636902386848,3.7908710714109763,0.0,0.0,0.8001240940872242,0.688669290222716,2.51193684842091,0.0,0.0,0.0,1.708404857898131,-0.0012623573808620374,0.3174662950138251,1.6947792967160542,0.02625636934923629,0.0,0.0,48.0,1.0,3.0,67.06639836682007,3.8795388438738883,70.99945323681459,-1.3504177331924438e-08,1.0,1.3086997270584106
111.0,42.0,42.0,1024.0,1.0,4.0,0.0524848370332009,84.29378674551845,0.28866039619606454,0.07820156689558644,0.36686195791116916,3.98828125,7.984375,0.0,0.0,0.0,0.0,0.0,0.0,18.7099609375,0.6331380420888308,15.2470703125,28.8798828125,28.8798828125,1.0,13.6328125,13.6328125,92043.8125,1.0,1.0,1.0,0.0,0.0,0.0,0.0,0.0,0.0,0.0,0.0,0.0,0.0,1.0,0.0,0.0,0.0,0.0,0.0,0.0,0.0,0.0,0.0,2.5204097386449575,7.8994140625,0.37496148419450037,0.5279471928370185,5184.195859193802,12963.565692424774,42285.376026153564,17313.677112579346,30899.7578125,1582.0366743803024,0.09453732223119005,0.0,0.6331380412157159,0.4968006598937791,36.322265625,17.927362316288054,0.6110026172827929,0.3337277133250609,22.76385394752885,0.0380460915011302,3.4185980295377885,0.0,0.0,1.0191254702884425,0.6920790295175462,1.8671854822386842,0.0,0.0,0.0,1.6369225953239948,-0.0014829900756012648,0.3761735656298697,1.6540561560541391,0.016054163628723472,0.0,0.0,64.0,0.0,4.0,68.5007105609402,5.166682968381792,73.72100124089047,-1.3969838619232178e-08,1.0,1.6684927940368652
112.0,42.0,42.0,1024.0,1.0,4.0,-0.03985638774197381,82.70743617415428,0.2757927491038572,0.09254362991487142,0.3683363757736515,4.7197265625,8.224609375,0.0,0.0,0.0,0.0,0.0,0.0,18.78515625,0.6316636242263485,15.5146484375,27.5380859375,27.5380859375,1.0,12.0234375,12.0234375,88777.4765625,1.0,1.0,1.0,0.0,0.0,0.0,0.0,0.0,0.0,0.0,0.0,0.0,0.0,1.0,0.0,0.0,0.0,0.0,0.0,0.0,0.0,0.0,0.0,2.365038665011525,7.0927734375,0.36931555409682915,0.5845286665135063,6427.202929496765,15315.062357902527,37355.859844207764,18778.583916664124,32337.53125,1551.0414271950722,0.0920712213992374,0.0,0.6316636232659221,0.49424979292962234,35.6923828125,18.103615825995803,0.615157796535641,0.33119896170683205,22.608616081175235,0.03845806216651257,3.376346309201409,0.0,0.0,1.0241719633804514,0.6835360049810404,2.0094421684797483,0.0,0.0,0.0,1.6305015062680468,-0.0038379602274804746,0.25495114275869335,1.5940214890354085,0.022795668680150556,0.0,0.0,53.0,1.0,4.0,68.46613789023831,4.278574467636645,72.79354121396318,-2.1420419216156006e-08,1.0,0.2932208180427551
113.0,42.0,42.0,1024.0,1.0,4.0,0.034635074421246394,83.98803608492017,0.3527114079115563,0.04162834853195818,0.39433974472922273,2.123046875,6.791015625,0.0,0.0,0.0,0.0,0.0,0.0,20.111328125,0.6056602552707773,15.2138671875,29.1005859375,29.1005859375,1.0,13.88671875,13.88671875,99478.7421875,1.0,1.0,1.0,0.0,0.0,0.0,0.0,0.0,0.0,0.0,0.0,0.0,0.0,1.0,0.0,0.0,0.0,0.0,0.0,0.0,0.0,0.0,0.0,2.504882449284196,5.8818359375,0.34751323601813056,0.5370388682349585,6506.31392288208,15243.501648902893,31277.97383594513,19533.700441360474,33232.4140625,1573.4937997460365,0.09079212883807486,0.0,0.6056602538155857,0.461813665999216,36.015625,16.309563152026385,0.6090686398092657,0.3300802042358555,23.057706606399496,0.03398154153548219,3.490592446286959,0.0,0.0,0.9595408785410373,0.6882449444215815,2.0213442061305056,0.0,0.0,0.0,1.6189886551583186,-0.005785993817779753,0.23588314900795618,1.60407202773624,0.023938781892259915,0.0,0.0,18.0,1.0,2.0,67.09885019715875,1.4482027026824653,68.60059955110773,-2.537854015827179e-08,1.0,1.1389073133468628
114.0,42.0,42.0,1024.0,1.0,4.0,-0.019238388115489606,83.06194430217147,0.25643383273563813,0.11667046771617606,0.37310429869103245,5.9501953125,8.806640625,0.0,0.0,0.0,0.0,0.0,0.0,19.0283203125,0.6268957013089675,14.185546875,28.6455078125,28.6455078125,1.0,14.4599609375,14.4599609375,77408.8125,1.0,1.0,1.0,0.0,0.0,0.0,0.0,0.0,0.0,0.0,0.0,0.0,0.0,1.0,0.0,0.0,0.0,0.0,0.0,0.0,0.0,0.0,0.0,2.4960934594273567,4.8076171875,0.35614749434171245,0.46606585395056754,4626.835813045502,11558.96870470047,20420.461687088013,14381.147329330444,22104.546875,1557.3919256925583,0.09359509953355882,0.0,0.6268956999119837,0.49714218979352154,35.79296875,19.513813208788633,0.6085899334284477,0.3290602288325317,22.77360826854071,0.03821915535905755,3.262639124819458,0.0,0.0,1.0774521037669296,0.6850903327251204,1.7703634763058713,0.0,0.0,0.0,1.5271494585322216,-0.0068778821474148166,0.23622630702124703,1.5106735825538635,0.022498075643347368,0.0,0.0,18.0,1.0,2.0,69.55476703401655,1.4518213579431176,71.06023779278621,1.7695128917694092e-08,1.0,0.36771804094314575
115.0,42.0,42.0,1024.0,1.0,4.0,0.008938756302059581,83.54527601227164,0.13821232141344808,0.21047791615274036,0.34869023741339333,10.734375,10.40234375,0.0,0.0,0.0,0.0,0.0,0.0,17.783203125,0.6513097625866067,13.970703125,28.7177734375,28.7177734375,1.0,14.7470703125,14.7470703125,76346.7734375,1.0,1.0,1.0,0.0,0.0,0.0,0.0,0.0,0.0,0.0,0.0,0.0,0.0,1.0,0.0,0.0,0.0,0.0,0.0,0.0,0.0,0.0,0.0,2.503905910998583,4.65234375,0.35295266850152984,0.4481969651533291,4553.631696462631,11217.104401111603,18961.975229263306,13788.047372817993,20990.71875,1568.7682985663414,0.09235180868199677,0.0,0.6513097613933496,0.5555342955485685,35.92578125,20.040545446798205,0.611825994681567,0.33045990669052117,22.522660653672627,0.040743911452074955,3.250178634059303,0.0,0.0,1.0953349741432885,0.6869719884347509,1.745352570876337,0.0,0.0,0.0,1.480368805816397,-0.006872593001885848,0.253860779106617,1.4495430751280352,0.023382961750030518,0.0,0.0,22.0,1.0,2.0,72.87439734814689,1.7772070257924497,74.70487006381154,8.847564458847046e-09,1.0,0.4107632040977478
116.0,42.0,42.0,1024.0,1.0,4.0,0.007388241442489337,83.52234105207026,0.13323376737207582,0.2106885476041498,0.34392231490346603,10.7451171875,10.341796875,0.0,0.0,0.0,0.0,0.0,0.0,17.5400390625,0.656077685096534,13.4541015625,29.3603515625,29.3603515625,1.0,15.90625,15.90625,84966.984375,1.0,1.0,1.0,0.0,0.0,0.0,0.0,0.0,0.0,0.0,0.0,0.0,0.0,1.0,0.0,0.0,0.0,0.0,0.0,0.0,0.0,0.0,0.0,2.648339519277215,4.7138671875,0.3238335337373428,0.41761660514748655,3970.452121257782,11171.212574481964,14404.398079872131,13814.855374336243,19516.5703125,1569.5275509357452,0.09348760850116378,0.0,0.6560776841070037,0.5563061864522751,36.1669921875,19.04890377447009,0.6136642314959317,0.333263372303918,22.41611608510559,0.04374325566634546,3.361892483210911,0.0,0.0,1.0622663158195884,0.6907794396815393,1.7549640188297264,0.0,0.0,0.0,1.4230271429987624,1.0013373361693488e-05,0.23071796115901735,1.384823461373647,0.032363399449321956,0.0,0.0,18.0,1.0,2.0,72.90884062508121,1.4472688119858503,74.40973758278415,2.3283064365386963e-09,1.0,0.6342043876647949
117.0,42.0,42.0,1024.0,1.0,4.0,-0.009054384773924049,83.23924313299358,0.08890548776798823,0.2535807065105473,0.34248619418940507,12.9326171875,10.3369140625,0.0,0.0,0.0,0.0,0.0,0.0,17.466796875,0.6575138058105949,12.9462890625,29.8505859375,29.8505859375,1.0,16.904296875,16.904296875,101357.6953125,1.0,1.0,1.0,0.0,0.0,0.0,0.0,0.0,0.0,0.0,0.0,0.0,0.0,1.0,0.0,0.0,0.0,0.0,0.0,0.0,0.0,0.0,0.0,2.9501949306577444,6.107421875,0.30493853622465394,0.4016248784319032,5232.94216632843,13072.614773750305,27995.59345817566,14703.111477851868,22929.1953125,1565.2424263954163,0.09420463033893611,0.0,0.6575138043554034,0.5871379285526928,36.001953125,18.15792334266007,0.6075176299200393,0.3308879313990474,22.22441807713793,0.04534672779970715,3.529394067643521,0.0,0.0,1.0304227173947134,0.6870643951053685,1.9214282378692482,0.0,0.0,0.0,1.395215499389451,-0.009727996234831057,0.29874075478629064,1.4487041234970093,0.028264243645887626,0.0,0.0,19.0,1.0,2.0,73.89249328710139,1.530467549804598,75.47499609924853,4.6566128730773926e-09,1.0,0.6052161455154419
118.0,42.0,42.0,1024.0,1.0,4.0,0.007638852161086403,83.52523758634925,0.10537301288968592,0.2313112507636106,0.336684263573261,11.796875,10.3212890625,0.0,0.0,0.0,0.0,0.0,0.0,17.1708984375,0.663315736426739,13.787109375,28.9150390625,28.9150390625,1.0,15.1279296875,15.1279296875,92046.3359375,1.0,1.0,1.0,0.0,0.0,0.0,0.0,0.0,0.0,0.0,0.0,0.0,0.0,1.0,0.0,0.0,0.0,0.0,0.0,0.0,0.0,0.0,0.0,2.725585527718067,6.837890625,0.3436337827297393,0.45000780557165854,6346.15762090683,14147.219161987305,34806.709864616394,15131.16429901123,26561.578125,1571.3633001446724,0.09538350293951225,0.0,0.663315735058859,0.58187602214457,36.1298828125,19.14588953135535,0.6072112577967346,0.32961644377792254,22.139472746874027,0.045344298831262786,3.426347243524436,0.0,0.0,1.0632625365323207,0.6892058981602265,1.9731588628695436,0.0,0.0,0.0,1.4648023697081953,0.009630675194784999,0.3316148941715558,1.477954978744189,0.019509104856600363,0.0,0.0,24.0,1.0,2.0,73.55539861368015,1.9422543728724122,75.55099779786542,-8.149072527885437e-09,1.0,0.14020611345767975
119.0,42.0,42.0,1024.0,1.0,4.0,0.02179536223888577,83.7703815959394,0.21252681545774976,0.15297561554143613,0.36550243021338247,7.8017578125,8.78515625,0.0,0.0,0.0,0.0,0.0,0.0,18.640625,0.6344975697866175,13.619140625,29.068359375,29.068359375,1.0,15.44921875,15.44921875,109573.296875,1.0,1.0,1.0,0.0,0.0,0.0,0.0,0.0,0.0,0.0,0.0,0.0,0.0,1.0,0.0,0.0,0.0,0.0,0.0,0.0,0.0,0.0,0.0,2.964354982599616,8.716796875,0.30373342940583825,0.45852619828656316,9194.339671611786,19510.394941329956,49386.90725326538,16657.298860549927,33046.3125,1572.5876747369766,0.08929343435738701,0.0,0.6344975683605298,0.5122253726731287,36.083984375,18.623604368418455,0.6136929540662095,0.33017046787426807,22.568120114995693,0.03881628477229181,3.594584136188151,0.0,0.0,1.0423470767579321,0.6874879880747722,2.300844181013824,0.0,0.0,0.0,1.4894636914832518,-0.0020302598653682345,0.4471116456492194,1.5294219234894062,0.020608500449051118,0.0,0.0,58.0,1.0,4.0,70.74011211423203,4.677494783885777,75.4711453341879,-2.9103830456733704e-09,1.0,0.4043334126472473
120.0,42.0,42.0,1024.0,1.0,4.0,0.016151130764925612,83.67829753085971,0.1801662135276274,0.16182212465901102,0.3419883378956001,8.2529296875,9.7802734375,0.0,0.0,0.0,0.0,0.0,0.0,17.44140625,0.6580116621043999,14.7841796875,28.234375,28.234375,1.0,13.4501953125,13.4501953125,91470.1171875,1.0,1.0,1.0,0.0,0.0,0.0,0.0,0.0,0.0,0.0,0.0,0.0,0.0,1.0,0.0,0.0,0.0,0.0,0.0,0.0,0.0,0.0,0.0,2.5648433063179255,7.9931640625,0.3536596877966076,0.5207789720152505,7219.087673664093,15803.958756446838,45053.76050186157,16437.029578208923,30649.984375,1573.4475499391556,0.0973208292198251,0.0,0.6580116611148696,0.5409124667348806,36.3369140625,19.55153600219637,0.6096143672475591,0.33101159989018925,22.286380070611333,0.04412290269631237,3.4116160315413966,0.0,0.0,1.075506581865275,0.6923416875482176,2.0591302799004207,0.0,0.0,0.0,1.5826324592344463,-0.0015639649936929345,0.2902922567445785,1.5823971796780825,0.009367131453473121,0.0,0.0,64.0,0.0,4.0,71.34693282004446,5.1622512699104846,76.56295485375449,-3.259629011154175e-09,1.0,0.2005358785390854
121.0,42.0,42.0,1024.0,1.0,4.0,0.009188435271756699,83.55819044075906,0.15580959512590198,0.18160230337525718,0.33741189824650064,9.26171875,9.9208984375,0.0,0.0,0.0,0.0,0.0,0.0,17.2080078125,0.6625881017534994,14.7607421875,28.0478515625,28.0478515625,1.0,13.287109375,13.287109375,78719.5546875,1.0,1.0,1.0,0.0,0.0,0.0,0.0,0.0,0.0,0.0,0.0,0.0,0.0,1.0,0.0,0.0,0.0,0.0,0.0,0.0,0.0,0.0,0.0,2.389062138274312,5.6962890625,0.36449759380775504,0.5127725646307226,5838.451978683472,13216.509871959686,29190.865671157837,15545.7798204422,25648.6875,1570.8530504107475,0.09426120506759617,0.0,0.6625881008803844,0.5523813800973585,36.072265625,19.753561147488654,0.6132142465794459,0.3329958370595705,22.25030840293293,0.04289420057428659,3.2676606749665713,0.0,0.0,1.0838234525940909,0.6888486794540188,1.8783914430510096,0.0,0.0,0.0,1.5570371435023844,0.0019240988832381037,0.3256250139739778,1.5402655027530812,0.024477052605814405,0.0,0.0,27.0,1.0,2.0,71.62464142497629,2.1832189820706844,73.86127849202603,-2.3283064365386963e-09,1.0,0.2383677363395691
122.0,42.0,42.0,1024.0,1.0,4.0,0.024521028901881334,83.82506849989295,0.2506319027925201,0.10956645417536492,0.36019835536717437,5.587890625,8.298828125,0.0,0.0,0.0,0.0,0.0,0.0,18.3701171875,0.6398016446328256,14.7314453125,28.6494140625,28.6494140625,1.0,13.91796875,13.91796875,72669.375,1.0,1.0,1.0,0.0,0.0,0.0,0.0,0.0,0.0,0.0,0.0,0.0,0.0,1.0,0.0,0.0,0.0,0.0,0.0,0.0,0.0,0.0,0.0,2.3025387693196535,4.3974609375,0.3814403733413201,0.4890945730730891,4446.782024145126,10950.118614196777,16661.907251358032,14374.560537338257,22139.015625,1573.222426354885,0.09324933113020961,0.0,0.6398016435559839,0.5068688221363118,36.1611328125,19.775939226150513,0.6045783674926497,0.32981874694814906,22.70597232537646,0.03977286546386635,3.199296548769915,0.0,0.0,1.085958329138486,0.6908472551402588,1.7089093821494226,0.0,0.0,0.0,1.5429722807602957,-0.0017164128108157052,0.2210959537161721,1.4988242149353028,0.02929242927994993,0.0,0.0,45.0,1.0,3.0,69.25805490091443,3.6309511200524867,72.94213928421959,5.587935447692871e-09,0.9999999403953552,0.7237928509712219
123.0,42.0,42.0,1024.0,1.0,4.0,-0.01589874909694524,83.13144562020898,0.2569508368324023,0.11875762991257943,0.37570846543530934,6.056640625,8.224609375,0.0,0.0,0.0,0.0,0.0,0.0,19.1611328125,0.6242915345646907,13.6796875,29.1259765625,29.1259765625,1.0,15.4462890625,15.4462890625,82957.5,1.0,1.0,1.0,0.0,0.0,0.0,0.0,0.0,0.0,0.0,0.0,0.0,0.0,1.0,0.0,0.0,0.0,0.0,0.0,0.0,0.0,0.0,0.0,2.6238278038799763,4.6953125,0.3369491146004293,0.43526946534984745,4430.071840286255,11570.707880973816,16446.88990020752,14213.35050201416,20726.5,1558.9014286994934,0.0931055253422528,0.0,0.6242915332841221,0.4899770177798928,35.8037109375,19.1014341423288,0.6130131903337315,0.3326630931405816,22.754095458604958,0.038294530270402645,3.335294426436947,0.0,0.0,1.0634360921016708,0.6858159730504059,1.783179077845825,0.0,0.0,0.0,1.4751052049687132,-0.007219370311269393,0.2905209809541702,1.4452158625309284,0.020359721178045638,0.0,0.0,26.0,1.0,2.0,69.35237959492952,2.1002944293431938,71.50631867581978,-9.778887033462524e-09,1.0,0.48211222887039185
124.0,42.0,42.0,1024.0,1.0,4.0,0.03162491310690084,83.94751067832112,0.34491805575817125,0.06487436204770347,0.40979241009335965,3.30859375,6.75,0.0,0.0,0.0,0.0,0.0,0.0,20.8994140625,0.5902075899066404,13.11328125,29.8994140625,29.8994140625,1.0,16.7861328125,16.7861328125,101961.6015625,1.0,1.0,1.0,0.0,0.0,0.0,0.0,0.0,0.0,0.0,0.0,0.0,0.0,1.0,0.0,0.0,0.0,0.0,0.0,0.0,0.0,0.0,0.0,2.950780939310789,5.19921875,0.3012428554065991,0.4086741433129646,4792.353364944458,13116.62372970581,18060.663675308228,15403.035591125488,22689.59375,1571.9268019795418,0.09023998849806958,0.0,0.5902075876365416,0.44496070653985953,36.0224609375,17.30918133445084,0.6185470478376374,0.3358884956687689,23.197842290486427,0.033121219054906934,3.534225333603707,0.0,0.0,0.9991478665745439,0.6880407203471366,1.9240554653865263,0.0,0.0,0.0,1.434766971389763,0.001999640070340213,0.29465071856975555,1.3993946383981144,0.02337491578039001,0.0,0.0,17.0,1.0,2.0,67.07189835282043,1.3686755700036883,68.49437485495582,-1.1641532182693481e-08,1.0,1.1142820119857788
125.0,42.0,42.0,1024.0,1.0,4.0,0.013186421003188644,83.63477892056108,0.2733800649730256,0.12364044222340453,0.3970205053628888,6.3056640625,7.3525390625,0.0,0.0,0.0,0.0,0.0,0.0,20.248046875,0.6029794946371112,12.0771484375,30.021484375,30.021484375,1.0,17.9443359375,17.9443359375,108463.3671875,1.0,1.0,1.0,0.0,0.0,0.0,0.0,0.0,0.0,0.0,0.0,0.0,0.0,1.0,0.0,0.0,0.0,0.0,0.0,0.0,0.0,0.0,0.0,3.159765286371112,5.431640625,0.2793227945076069,0.36284401011653244,4806.513522148132,13252.176937103271,17341.678561210632,14477.750701904297,20121.3046875,1566.8738010525703,0.09062946399353677,0.0,0.6029794925125316,0.4674338202312356,36.0126953125,17.729648272506893,0.6093175683054142,0.3289281399338506,23.073509076185793,0.0355749909664482,3.5996207123525394,0.0,0.0,1.0151316404348387,0.688447080858257,1.9530370711741114,0.0,0.0,0.0,1.3459376913961023,0.004908967851882889,0.2703485879160109,1.3823270968028478,0.021956297435930798,0.0,0.0,21.0,1.0,2.0,68.83852239791304,1.691332709044218,70.5834994497709,5.587935447692871e-09,1.0,1.1604679822921753
126.0,42.0,42.0,1024.0,1.0,4.0,-0.007953413447393122,83.27116326242685,0.19355086503128405,0.1822150459738623,0.375765910721384,9.29296875,8.5673828125,0.0,0.0,0.0,0.0,0.0,0.0,19.1640625,0.624234089278616,13.0302734375,29.1279296875,29.1279296875,1.0,16.09765625,16.09765625,84579.859375,1.0,1.0,1.0,0.0,0.0,0.0,0.0,0.0,0.0,0.0,0.0,0.0,0.0,1.0,0.0,0.0,0.0,0.0,0.0,0.0,0.0,0.0,0.0,2.780077800154686,4.9423828125,0.3175542428798508,0.4032556294114329,4146.135034799576,11551.290859222412,16452.052293777466,13606.358445167542,19679.9609375,1562.3795502185822,0.09633509396371664,0.0,0.6242340877652168,0.5061813618813176,36.0234375,19.5859297439456,0.6093175688874908,0.33064614111208357,22.741191506182062,0.040444988184988394,3.355781427021519,0.0,0.0,1.0804165456813357,0.6882486571866009,1.7949257600713344,0.0,0.0,0.0,1.4172072347719222,0.006677147094160318,0.35352201014757156,1.45896817445755,0.02523898156359792,0.0,0.0,20.0,1.0,2.0,70.9623881476,1.613976962864399,72.62980008590966,9.313225746154785e-09,1.0,0.3813543915748596
127.0,42.0,42.0,1024.0,1.0,4.0,0.015843223817532646,83.68114895932376,0.26926318367623026,0.1097770849664812,0.37904026632895693,5.5986328125,8.029296875,0.0,0.0,0.0,0.0,0.0,0.0,19.3310546875,0.6209597336710431,13.8623046875,29.201171875,29.201171875,1.0,15.3388671875,15.3388671875,85240.5,1.0,1.0,1.0,0.0,0.0,0.0,0.0,0.0,0.0,0.0,0.0,0.0,0.0,1.0,0.0,0.0,0.0,0.0,0.0,0.0,0.0,0.0,0.0,2.6704097893089056,5.673828125,0.3290818786190357,0.4458573990559671,4523.248991966248,12008.90483379364,24299.855319023132,14471.437047958374,23479.1875,1569.1010515093803,0.09189555004559224,0.0,0.6209597320121247,0.48427182689192705,35.9931640625,19.12987145781517,0.6180013203411363,0.33591685714782216,22.839539621221288,0.036662148681724835,3.357614761909192,0.0,0.0,1.0639083659608723,0.687759083829013,1.8198003000927923,0.0,0.0,0.0,1.5107882897136733,-0.005836501886898821,0.22803408381613818,1.521616350520741,0.03315971029753035,0.0,0.0,22.0,1.0,2.0,68.92462580511346,1.772139014210552,70.75018335087225,1.3969838619232178e-08,1.0,0.6255871653556824
128.0,42.0,42.0,1024.0,1.0,4.0,-0.04547077186074871,82.62203911691904,0.2816904204155435,0.10075824303930858,0.3824486609082669,5.138671875,8.0224609375,0.0,0.0,0.0,0.0,0.0,0.0,19.5048828125,0.6175513390917331,14.0947265625,28.8349609375,28.8349609375,1.0,14.740234375,14.740234375,100662.875,1.0,1.0,1.0,0.0,0.0,0.0,0.0,0.0,0.0,0.0,0.0,0.0,0.0,1.0,0.0,0.0,0.0,0.0,0.0,0.0,0.0,0.0,0.0,2.8796870224177837,8.5810546875,0.31045891126268543,0.48483527079224586,6983.567268371582,15810.634126663208,46985.401295661926,16487.772366523743,32027.7109375,1548.3086752295494,0.0927325611555716,0.0,0.6175513372581918,0.47736707392323297,35.5888671875,18.564531992189586,0.6126589436898939,0.3322011592099443,22.761299681565568,0.03654031623231416,3.5090975431632225,0.0,0.0,1.040947935284343,0.6814059238116622,2.0878057900729976,0.0,0.0,0.0,1.5333764952374622,0.0005872178719275527,0.39822935809691745,1.553323315249549,0.026823695076422557,0.0,0.0,36.0,1.0,3.0,68.61600481905043,2.909360141027719,71.57868670206517,-1.7229467630386353e-08,1.0,-0.2831055223941803
129.0,42.0,42.0,1024.0,1.0,4.0,-0.02037030270133975,83.05159145593643,0.14420573460120067,0.19194237697047356,0.3361481113242917,9.7890625,9.9521484375,0.0,0.0,0.0,0.0,0.0,0.0,17.1435546875,0.6638518886757083,14.6396484375,28.6650390625,28.6650390625,1.0,14.025390625,14.025390625,103144.078125,1.0,1.0,1.0,0.0,0.0,0.0,0.0,0.0,0.0,0.0,0.0,0.0,0.0,1.0,0.0,0.0,0.0,0.0,0.0,0.0,0.0,0.0,0.0,2.721679199486971,9.7099609375,0.35446915055217687,0.5077659326489083,7503.510459423065,16650.219931602478,57341.49865436554,17249.800547599792,34683.3671875,1561.5337995886803,0.09486115623803926,0.0,0.6638518877152819,0.5568147032900015,35.9462890625,18.776994396932423,0.6128408524673432,0.3321098746964708,22.1355332684382,0.04381837093245848,3.530436275362736,0.0,0.0,1.0472842084192404,0.6864725511544074,2.124345123824117,0.0,0.0,0.0,1.5809564667288214,0.0004720816181765662,0.3645102112066178,1.5711085796356201,0.0216600482780782,0.0,0.0,63.0,1.0,4.0,72.41480615083128,5.089867013972253,77.55813884874806,-1.210719347000122e-08,1.0,-0.8736506104469299
130.0,42.0,42.0,1024.0,1.0,4.0,0.03827824694004893,84.06560099124908,0.22977942053694278,0.14112282631685957,0.37090224600979127,7.197265625,8.517578125,0.0,0.0,0.0,0.0,0.0,0.0,18.916015625,0.6290977539902087,13.8603515625,28.94921875,28.94921875,1.0,15.0888671875,15.0888671875,105771.8046875,1.0,1.0,1.0,0.0,0.0,0.0,0.0,0.0,0.0,0.0,0.0,0.0,0.0,1.0,0.0,0.0,0.0,0.0,0.0,0.0,0.0,0.0,0.0,3.0135736409574747,9.646484375,0.3134850917995209,0.47213943052338436,6983.064079523087,15946.813087463379,54917.744148254395,16448.739859580994,33172.8046875,1577.2631760835648,0.08832385043569957,0.0,0.6290977528260555,0.4980471732123988,36.0693359375,18.7453859844245,0.6168619962409139,0.3332481602265034,22.707405534512404,0.03631536723005247,3.560043955226804,0.0,0.0,1.0464417143088214,0.6879392939257085,2.108971071794011,0.0,0.0,0.0,1.524484573630616,-0.0003181090923371138,0.4321440116122917,1.514572090572781,0.018746233372776595,0.0,0.0,27.0,1.0,2.0,70.11606749426574,2.178315536119044,72.34244740381837,-1.6996636986732483e-08,1.0,-0.0337466225028038
131.0,42.0,42.0,1024.0,1.0,4.0,0.013295437628209368,83.6372287273407,0.15778186877287226,0.1920189693919383,0.3498008380411193,9.79296875,9.0859375,0.0,0.0,0.0,0.0,0.0,0.0,17.83984375,0.6501991619588807,13.4853515625,29.1796875,29.1796875,1.0,15.6943359375,15.6943359375,95932.03125,1.0,1.0,1.0,0.0,0.0,0.0,0.0,0.0,0.0,0.0,0.0,0.0,0.0,1.0,0.0,0.0,0.0,0.0,0.0,0.0,0.0,0.0,0.0,2.964257352054119,7.4228515625,0.327666905708611,0.4350401805131696,4802.198101043701,12561.79579114914,41599.56033992767,14950.660270690918,27309.171875,1572.2859247922897,0.09681574839487439,0.0,0.6501991606783122,0.538919454018469,36.25,19.064845902845263,0.6165173260960728,0.3351794518530369,22.324263073923383,0.042855697947544985,3.4709631468312083,0.0,0.0,1.0604918884659043,0.6904505350229102,1.8838134483875668,0.0,0.0,0.0,1.4922756985761225,-0.004387203145955429,0.3142884617946187,1.4928568093503107,0.022703136118953346,0.0,0.0,61.0,1.0,4.0,71.69383744895458,4.927864357363433,76.67548089986667,-5.587935447692871e-09,0.9999999403953552,0.0813523530960083
132.0,42.0,42.0,1024.0,1.0,4.0,-0.01880432337299261,83.08136014826596,0.25379136967967497,0.11778106801648391,0.37157243612455204,6.0068359375,8.3544921875,0.0,0.0,0.0,0.0,0.0,0.0,18.9501953125,0.628427563875448,13.7939453125,29.00390625,29.00390625,1.0,15.2099609375,15.2099609375,102656.9921875,1.0,1.0,1.0,0.0,0.0,0.0,0.0,0.0,0.0,0.0,0.0,0.0,0.0,1.0,0.0,0.0,0.0,0.0,0.0,0.0,0.0,0.0,0.0,2.9492182713001966,8.9384765625,0.32173764289473183,0.4623712224129122,5935.776419639587,14087.49410533905,51163.93392753601,15823.752334594727,31030.921875,1558.2971756458282,0.0917196202208288,0.0,0.6284275625948794,0.4951662284292979,35.8076171875,18.646797269117087,0.6073931648861617,0.3296421803825069,22.65579813316642,0.037946086665195215,3.53045509233929,0.0,0.0,1.0441476764779316,0.6844025621583949,1.9880184988263325,0.0,0.0,0.0,1.5067491232184693,-0.001996238909972211,0.2759843577320377,1.4964583764473598,0.016993099202712376,0.0,0.0,48.0,1.0,3.0,69.56190183898434,3.8775180871598423,73.49305483791977,-1.210719347000122e-08,1.0,-0.09188806265592575
133.0,42.0,42.0,1024.0,1.0,4.0,-0.023540756568613548,82.99804738536477,0.31163833772734506,0.09131813905696617,0.40295647314633243,4.6572265625,7.48828125,0.0,0.0,0.0,0.0,0.0,0.0,20.55078125,0.5970435268536676,13.8564453125,29.388671875,29.388671875,1.0,15.5322265625,15.5322265625,89505.8125,1.0,1.0,1.0,0.0,0.0,0.0,0.0,0.0,0.0,0.0,0.0,0.0,0.0,1.0,0.0,0.0,0.0,0.0,0.0,0.0,0.0,0.0,0.0,2.709081694483757,5.5751953125,0.3265750598802697,0.44565462818718515,4623.342219114304,12643.442413330078,24348.07833957672,15247.094796180725,23823.28125,1553.5225495696068,0.09106636440992588,0.0,0.5970435249328148,0.45443239282030845,35.595703125,18.304646734148264,0.6095090503804386,0.33213639588211663,23.086863446270428,0.033425811062808154,3.4009344639402945,0.0,0.0,1.0345844876523267,0.6825106237482272,1.869035259962522,0.0,0.0,0.0,1.4923006334574893,0.006025527538948281,0.3088502883911133,1.498686055804408,0.0226157522478769,0.0,0.0,43.0,1.0,3.0,68.23006473993883,3.4746041377075016,71.7582022282295,3.14321368932724e-08,1.0,0.09782372415065765
134.0,42.0,42.0,1024.0,1.0,4.0,0.014855122936829787,83.66018972918391,0.23429841568577103,0.1278339176060399,0.3621323320257943,6.51953125,10.7001953125,0.0,0.0,0.0,0.0,0.0,0.0,18.46875,0.6378676679742057,14.46875,28.6689453125,28.6689453125,1.0,14.2001953125,14.2001953125,72844.4453125,1.0,1.0,1.0,0.0,0.0,0.0,0.0,0.0,0.0,0.0,0.0,0.0,0.0,1.0,0.0,0.0,0.0,0.0,0.0,0.0,0.0,0.0,0.0,2.3430661149322987,4.3623046875,0.36234404300921597,0.4748734628665261,3779.644518852234,10469.325629234314,14110.030648231506,14046.648965835571,20612.65625,1569.804428100586,0.09231508396260324,0.0,0.6378676666936371,0.5191422218340449,35.9990234375,19.75085044465959,0.6091452330583706,0.3315735743381083,22.707876458000992,0.039245207540881816,3.206724834172364,0.0,0.0,1.0855604029591814,0.6887606985839125,1.6736859239258495,0.0,0.0,0.0,1.478564037301112,0.00040702358819544315,0.24984016921371222,1.4583458304405212,0.027213474619202316,0.0,0.0,16.0,1.0,1.0,71.22336750011891,1.2866892260499299,72.56338174920529,-2.7939677238464355e-09,0.9999999403953552,-0.24642202258110046
135.0,42.0,42.0,1024.0,1.0,4.0,-0.022390964371540423,83.01350665464997,0.13855699051782722,0.20609295923350146,0.3446499496058095,10.5107421875,13.197265625,0.0,0.0,0.0,0.0,0.0,0.0,17.5771484375,0.6553500503941905,14.1435546875,28.7021484375,28.7021484375,1.0,14.55859375,14.55859375,76184.3671875,1.0,1.0,1.0,0.0,0.0,0.0,0.0,0.0,0.0,0.0,0.0,0.0,0.0,1.0,0.0,0.0,0.0,0.0,0.0,0.0,0.0,0.0,0.0,2.460644232109189,4.599609375,0.36054661870002747,0.45782533459714614,4221.329150676727,11077.819463729858,16306.189702033997,14305.625454902649,21624.640625,1560.2649226784706,0.09766896826477023,0.0,0.6553500491718296,0.5746341982594458,36.041015625,19.720550203695893,0.6119025882799178,0.33155875001102686,22.342047210136258,0.0458025307237145,3.2467685254896637,0.0,0.0,1.0846433860820537,0.6888557270088497,1.7315778127360346,0.0,0.0,0.0,1.416771012416575,-0.0024020004784688354,0.38533521071076393,1.3840753808617592,0.056343109579756856,0.0,0.0,16.0,1.0,1.0,74.37167791789398,1.2910054149106145,75.71611886285245,-5.587935447692871e-09,1.0,-0.8069561719894409
136.0,42.0,42.0,1024.0,1.0,4.0,0.002702477492507427,83.44761088117957,0.21281403962348122,0.1524394639127422,0.36525350270676427,7.7744140625,11.5234375,0.0,0.0,0.0,0.0,0.0,0.0,18.6279296875,0.6347464972932357,13.61328125,29.20703125,29.20703125,1.0,15.59375,15.59375,101494.4296875,1.0,1.0,1.0,0.0,0.0,0.0,0.0,0.0,0.0,0.0,0.0,0.0,0.0,1.0,0.0,0.0,0.0,0.0,0.0,0.0,0.0,0.0,0.0,2.981640150770545,8.24609375,0.3188747282983968,0.44809366975096054,6787.072933912277,15220.727466583252,43919.72463321686,15349.483623504639,29442.3828125,1565.67880153656,0.08982038792964886,0.0,0.6347464960563229,0.5197274528400158,35.8681640625,18.766266433522105,0.6144205866730772,0.33303795324172825,22.655479454570035,0.038588526208127256,3.52246158768372,0.0,0.0,1.0485946746976775,0.685568722097277,2.0623201898340566,0.0,0.0,0.0,1.4299554040189832,-0.0009851515115726563,0.25558454720746904,1.4541659298397245,0.03361658734225091,0.0,0.0,21.0,1.0,2.0,72.14692454505712,1.6946272859349847,73.89532281411812,-2.3283064365386963e-10,1.0,-0.48784008622169495
137.0,42.0,42.0,1024.0,1.0,4.0,0.016438534735610195,83.68701904825866,0.24825751525349915,0.11944696941645816,0.367704483011039,6.091796875,9.109375,0.0,0.0,0.0,0.0,0.0,0.0,18.7529296875,0.632295516988961,13.7900390625,29.2099609375,29.2099609375,1.0,15.419921875,15.419921875,101882.9375,1.0,1.0,1.0,0.0,0.0,0.0,0.0,0.0,0.0,0.0,0.0,0.0,0.0,1.0,0.0,0.0,0.0,0.0,0.0,0.0,0.0,0.0,0.0,2.876073779538274,7.32421875,0.33264015303575434,0.45227090947446413,7323.605745315552,16145.70154094696,39354.87576389313,16320.19303894043,28833.1640625,1570.4178005456924,0.09052275675276178,0.0,0.632295515795704,0.5043266953143757,35.958984375,18.21395884687081,0.6139610290410928,0.3334184853301849,22.640060809695207,0.037908402548329015,3.523928649433016,0.0,0.0,1.0294568902399268,0.6871739133244794,2.110888879545382,0.0,0.0,0.0,1.490858273464255,0.0035402050896270855,0.3606621558601792,1.4879663022788796,0.017075581425750577,0.0,0.0,37.0,1.0,3.0,69.98927816795185,2.9806373049505055,73.02327551925555,-1.0826624929904938e-08,0.9999999403953552,0.035722553730010986
138.0,42.0,42.0,1024.0,1.0,4.0,0.005054144344387464,83.49169006198645,0.3574984793231124,0.05970432548201643,0.41720279603032395,3.044921875,8.9287109375,0.0,0.0,0.0,0.0,0.0,0.0,21.27734375,0.582797203969676,13.8134765625,29.28125,29.28125,1.0,15.4677734375,15.4677734375,100630.8046875,1.0,1.0,1.0,0.0,0.0,0.0,0.0,0.0,0.0,0.0,0.0,0.0,0.0,1.0,0.0,0.0,0.0,0.0,0.0,0.0,0.0,0.0,0.0,2.8360347654670477,6.171875,0.3099763215141138,0.46111251358524896,6087.4036519527435,14589.492673873901,31284.60954761505,16755.31100177765,28252.0546875,1562.3176740407944,0.08908812810113886,0.0,0.5827972017577849,0.43836284219287336,35.8095703125,17.473367392551154,0.6076325193280354,0.3282940899953246,23.24257764410047,0.03219407117376577,3.509535136266902,0.0,0.0,1.0040182226324297,0.6849839719625039,2.010820782854424,0.0,0.0,0.0,1.4356128795770928,-0.005590462125837803,0.26138630161682763,1.4208767414093018,0.029339123579363028,0.0,0.0,30.0,1.0,2.0,68.45406911801547,2.421952891163528,70.9297139570117,-3.4924596548080444e-09,1.0,0.1428270787000656
139.0,42.0,42.0,1024.0,1.0,4.0,0.032145546637620606,83.96253204718232,0.2042930527259159,0.15175012601503113,0.3560431781515945,7.7392578125,11.5869140625,0.0,0.0,0.0,0.0,0.0,0.0,18.158203125,0.6439568218484055,13.94140625,28.9833984375,28.9833984375,1.0,15.0419921875,15.0419921875,85750.3359375,1.0,1.0,1.0,0.0,0.0,0.0,0.0,0.0,0.0,0.0,0.0,0.0,0.0,1.0,0.0,0.0,0.0,0.0,0.0,0.0,0.0,0.0,0.0,2.6475582011044025,5.9697265625,0.34753561596153304,0.4500023484870326,5036.528711080551,12368.188105583191,28880.96109199524,14588.361235618591,24339.7265625,1576.3680506944656,0.09106925912783481,0.0,0.6439568207715638,0.5311702776089078,36.1318359375,19.389077364467084,0.6190640493296087,0.3368847378878854,22.62536944172529,0.039766196051555354,3.3590010201608815,0.0,0.0,1.072415975887826,0.6895789692960276,1.8438187260745322,0.0,0.0,0.0,1.4424408635823056,-0.00866076465257827,0.2923578628722359,1.5072195529937744,0.03930654699968941,0.0,0.0,34.0,1.0,3.0,72.60194367356598,2.7437004428356886,75.3992998143658,-1.862645149230957e-09,1.0,0.312570184469223
140.0,42.0,42.0,1024.0,1.0,4.0,0.0011559109169035561,83.42851855233312,0.16486673400686414,0.17991725360298005,0.3447839873551857,9.17578125,10.3095703125,0.0,0.0,0.0,0.0,0.0,0.0,17.583984375,0.6552160126448143,14.7197265625,28.37890625,28.37890625,1.0,13.6591796875,13.6591796875,73091.0546875,1.0,1.0,1.0,0.0,0.0,0.0,0.0,0.0,0.0,0.0,0.0,0.0,0.0,1.0,0.0,0.0,0.0,0.0,0.0,0.0,0.0,0.0,0.0,2.3978512082248926,5.1728515625,0.3742854787851684,0.497857535345247,4216.945663690567,11099.062187671661,23717.0865316391,14309.332180023193,23479.3125,1567.510550379753,0.09419852829523734,0.0,0.6552160118299071,0.5511575550190173,36.0625,20.2947285650298,0.6171109230490401,0.3340685632720124,22.398132748706864,0.04286918067250771,3.201469959180864,0.0,0.0,1.102774180481432,0.6892417769126016,1.725777492188794,0.0,0.0,0.0,1.5499069356592372,0.0004082859076302627,0.20636465015082522,1.5696938284512223,0.024016699528899687,0.0,0.0,29.0,1.0,2.0,72.34772661002353,2.3553443029522896,74.75650003785267,-1.4435499906539917e-08,1.0,-0.12196802347898483
141.0,42.0,42.0,1024.0,1.0,4.0,0.001999944858989758,83.44207609072328,0.15847120671969606,0.1697303671753616,0.32820157380774617,8.65625,12.568359375,0.0,0.0,0.0,0.0,0.0,0.0,16.73828125,0.6717984261922538,15.3837890625,27.703125,27.703125,1.0,12.3193359375,12.3193359375,78258.0390625,1.0,1.0,1.0,0.0,0.0,0.0,0.0,0.0,0.0,0.0,0.0,0.0,0.0,1.0,0.0,0.0,0.0,0.0,0.0,0.0,0.0,0.0,0.0,2.258202800527215,5.7158203125,0.38317774032475427,0.5507505363493692,5956.883492469788,13466.51556634903,28873.582752227783,16433.11953163147,27563.6640625,1569.3308007717133,0.09493950270189089,0.0,0.6717984256683849,0.5642001506348606,36.0673828125,19.53459001891315,0.6150716299307533,0.3323351313592866,22.12100806445409,0.04379542362335702,3.2582150206421225,0.0,0.0,1.07659698716159,0.6891917390601388,1.886162878282361,0.0,0.0,0.0,1.5425418630475178,0.012741298512800744,0.28849500182427856,1.5392877741863853,0.022759745387654556,0.0,0.0,38.0,1.0,3.0,73.20835683587939,3.0676995762623847,76.32916324492544,9.313225746154785e-10,0.9999999403953552,-0.10280928015708923
142.0,42.0,42.0,1024.0,1.0,4.0,0.02229866675755704,83.79604933783412,0.16381357841055433,0.1589307351878233,0.3227443130745087,8.10546875,13.66015625,0.0,0.0,0.0,0.0,0.0,0.0,16.4599609375,0.6772556869254913,15.7763671875,27.4638671875,27.4638671875,1.0,11.6875,11.6875,78359.2578125,1.0,1.0,1.0,0.0,0.0,0.0,0.0,0.0,0.0,0.0,0.0,0.0,0.0,1.0,0.0,0.0,0.0,0.0,0.0,0.0,0.0,0.0,0.0,2.118066068738699,5.2236328125,0.3961910981161054,0.5851975997793488,6227.385581731796,13739.42394733429,26495.990168571472,16790.20546245575,27737.4765625,1576.0419243574142,0.09466374021576485,0.0,0.6772556864307262,0.5676033848430961,36.23046875,19.359911751933396,0.614602497429587,0.3324337649100926,22.199977071766476,0.04416869128035701,3.2490223264084035,0.0,0.0,1.0702726338898745,0.6916275388048767,1.8922182940859642,0.0,0.0,0.0,1.5292593556223437,-0.020936164762014927,0.279135023770125,1.5736206562622734,0.03361696976682414,0.0,0.0,23.0,1.0,2.0,73.84004482999444,1.8571040038950741,75.75038906699046,5.820766091346741e-09,1.0,0.14432252943515778
143.0,42.0,42.0,1024.0,1.0,4.0,0.01566737512232464,83.68533864989877,0.1872893757190468,0.1463503112518083,0.3336396862869151,7.4638671875,10.94140625,0.0,0.0,0.0,0.0,0.0,0.0,17.015625,0.6663603137130849,15.830078125,27.2666015625,27.2666015625,1.0,11.4365234375,11.4365234375,84466.6953125,1.0,1.0,1.0,0.0,0.0,0.0,0.0,0.0,0.0,0.0,0.0,0.0,0.0,1.0,0.0,0.0,0.0,0.0,0.0,0.0,0.0,0.0,0.0,2.160741802304983,6.21484375,0.37608581481617875,0.6087938274722546,7094.307200431824,15478.933854103088,34004.697633743286,17525.16539478302,31236.5234375,1573.173301577568,0.09332800375341321,0.0,0.6663603131310083,0.5485349635564489,36.0556640625,19.2175630684942,0.6039177502389066,0.3266855271649547,22.221981885761526,0.04167168171927242,3.3260141822266873,0.0,0.0,1.0635203077665571,0.6887392718621321,2.0035214666453793,0.0,0.0,0.0,1.5987726737512276,0.005959552927659108,0.3774979997139711,1.5704737213941722,0.016192040047966517,0.0,0.0,26.0,1.0,2.0,71.69913739711046,2.1004992919042706,73.85336284013465,-2.0023435354232788e-08,1.0,0.25940343737602234
144.0,42.0,42.0,1024.0,1.0,4.0,-0.003412726457112803,83.35371897369623,0.12249157955557166,0.19450824874184036,0.3169998281809967,9.919921875,14.07421875,0.0,0.0,0.0,0.0,0.0,0.0,16.1669921875,0.6830001718190033,15.83984375,27.587890625,27.587890625,1.0,11.748046875,11.748046875,87353.1953125,1.0,1.0,1.0,0.0,0.0,0.0,0.0,0.0,0.0,0.0,0.0,0.0,0.0,1.0,0.0,0.0,0.0,0.0,0.0,0.0,0.0,0.0,0.0,2.298241788521409,7.1513671875,0.3775131266156677,0.6004362339153886,7416.7937269210815,16107.87407207489,39331.22629737854,17643.754378318787,31200.03125,1568.3695499897003,0.09197860026324634,0.0,0.6830001712369267,0.5824859411513899,36.001953125,18.992160324007273,0.5967562905861996,0.32271507754921913,21.96240955977656,0.04456174521556043,3.3626109142629312,0.0,0.0,1.0559784808302264,0.688179539445605,2.0511947766387397,0.0,0.0,0.0,1.5152340569766238,0.00667973980307579,0.3413750356749484,1.5421074189637836,0.023253617906256727,0.0,0.0,19.0,1.0,2.0,75.07590272091329,1.5328284590505064,76.66207464504987,-2.0954757928848267e-09,1.0,0.07862008363008499
145.0,42.0,42.0,1024.0,1.0,4.0,-0.05089983978560145,82.52518356218934,0.12802543390534993,0.19692093201774696,0.32494636584306136,10.04296875,11.078125,0.0,0.0,0.0,0.0,0.0,0.0,16.572265625,0.6750536341569386,15.7197265625,27.5537109375,27.5537109375,1.0,11.833984375,11.833984375,81629.2265625,1.0,1.0,1.0,0.0,0.0,0.0,0.0,0.0,0.0,0.0,0.0,0.0,0.0,1.0,0.0,0.0,0.0,0.0,0.0,0.0,0.0,0.0,0.0,2.3484370466321707,6.9794921875,0.3651145473268116,0.5925729189184494,6713.458953380585,14966.06708908081,36799.41270446777,16815.03259754181,29207.953125,1551.9883018136024,0.09540208296311903,0.0,0.6750536334584467,0.579993707491667,35.7177734375,19.686981880106032,0.6117494020727463,0.3315152347786352,21.985309896810193,0.045371627720488285,3.296953626626431,0.0,0.0,1.0802779769645001,0.6844182183391323,1.9893239826248745,0.0,0.0,0.0,1.576059096492827,0.0005911205662414432,0.3048588363453746,1.5895645171403885,0.06881297496147454,0.0,0.0,16.0,1.0,1.0,73.01973480777815,1.2874093800783157,74.36087065702304,-1.7462298274040222e-09,1.0,-1.0368423461914062
146.0,42.0,42.0,1024.0,1.0,4.0,-0.00854357675283594,83.25733193010092,0.12157246182505332,0.19466143513091083,0.3162338968249969,9.927734375,10.6875,0.0,0.0,0.0,0.0,0.0,0.0,16.1279296875,0.6837661031750031,16.0068359375,27.6083984375,27.6083984375,1.0,11.6015625,11.6015625,83605.0859375,1.0,1.0,1.0,0.0,0.0,0.0,0.0,0.0,0.0,0.0,0.0,0.0,0.0,1.0,0.0,0.0,0.0,0.0,0.0,0.0,0.0,0.0,0.0,2.2853511329740286,7.30859375,0.3882135833555367,0.6068040952086449,7013.273285865784,15440.656300544739,38130.42649555206,17087.96707391739,29777.6640625,1566.8656767606735,0.09579865958949085,0.0,0.683766102680238,0.5878864625265123,35.974609375,19.579786594491452,0.6157226725481451,0.33476476214127615,21.936179015349317,0.04544579681611237,3.3177595479981936,0.0,0.0,1.0761023993904657,0.6880407659672065,2.01090000981865,0.0,0.0,0.0,1.6160456478828564,-0.0022389912283269026,0.34207381282822563,1.647869675846423,0.03565929274437791,0.0,0.0,59.0,1.0,4.0,73.04410444293171,4.766973230987787,77.85878857970238,-8.614733815193176e-09,1.0,-0.8433820009231567
